Date,usd_ugx_rate
2016-08-03 00:00:00+01:00,3347.300048828125
2016-08-04 00:00:00+01:00,3329.800048828125
2016-08-05 00:00:00+01:00,3347.0
2016-08-08 00:00:00+01:00,3335.5
2016-08-09 00:00:00+01:00,3330.39990234375
2016-08-10 00:00:00+01:00,3332.199951171875
2016-08-11 00:00:00+01:00,3335.300048828125
2016-08-12 00:00:00+01:00,3326.60009765625
2016-08-15 00:00:00+01:00,3325.5
2016-08-16 00:00:00+01:00,3330.39990234375
2016-08-17 00:00:00+01:00,3329.10009765625
2016-08-18 00:00:00+01:00,3322.89990234375
2016-08-19 00:00:00+01:00,3330.300048828125
2016-08-22 00:00:00+01:00,3319.89990234375
2016-08-23 00:00:00+01:00,3341.699951171875
2016-08-24 00:00:00+01:00,3337.699951171875
2016-08-25 00:00:00+01:00,3337.199951171875
2016-08-26 00:00:00+01:00,3357.89990234375
2016-08-29 00:00:00+01:00,3332.0
2016-08-30 00:00:00+01:00,3345.10009765625
2016-08-31 00:00:00+01:00,3333.300048828125
2016-09-01 00:00:00+01:00,3320.89990234375
2016-09-02 00:00:00+01:00,3343.300048828125
2016-09-05 00:00:00+01:00,3339.10009765625
2016-09-06 00:00:00+01:00,3315.10009765625
2016-09-07 00:00:00+01:00,3347.800048828125
2016-09-08 00:00:00+01:00,3350.10009765625
2016-09-09 00:00:00+01:00,3350.800048828125
2016-09-12 00:00:00+01:00,3338.60009765625
2016-09-13 00:00:00+01:00,3347.39990234375
2016-09-14 00:00:00+01:00,3335.89990234375
2016-09-15 00:00:00+01:00,3335.60009765625
2016-09-16 00:00:00+01:00,3360.199951171875
2016-09-19 00:00:00+01:00,3332.89990234375
2016-09-20 00:00:00+01:00,3347.10009765625
2016-09-21 00:00:00+01:00,3332.0
2016-09-22 00:00:00+01:00,3359.699951171875
2016-09-23 00:00:00+01:00,3344.199951171875
2016-09-26 00:00:00+01:00,3347.60009765625
2016-09-27 00:00:00+01:00,3359.699951171875
2016-09-28 00:00:00+01:00,3344.60009765625
2016-09-29 00:00:00+01:00,3350.0
2016-09-30 00:00:00+01:00,3327.0
2016-10-03 00:00:00+01:00,3358.39990234375
2016-10-04 00:00:00+01:00,3350.199951171875
2016-10-05 00:00:00+01:00,3364.699951171875
2016-10-06 00:00:00+01:00,3387.10009765625
2016-10-07 00:00:00+01:00,3353.60009765625
2016-10-10 00:00:00+01:00,3378.0
2016-10-11 00:00:00+01:00,3388.10009765625
2016-10-12 00:00:00+01:00,3381.39990234375
2016-10-13 00:00:00+01:00,3391.0
2016-10-14 00:00:00+01:00,3424.699951171875
2016-10-17 00:00:00+01:00,3415.89990234375
2016-10-18 00:00:00+01:00,3433.89990234375
2016-10-19 00:00:00+01:00,3407.89990234375
2016-10-20 00:00:00+01:00,3413.699951171875
2016-10-21 00:00:00+01:00,3405.39990234375
2016-10-24 00:00:00+01:00,3398.60009765625
2016-10-25 00:00:00+01:00,3415.89990234375
2016-10-26 00:00:00+01:00,3423.0
2016-10-27 00:00:00+01:00,3432.0
2016-10-28 00:00:00+01:00,3401.5
2016-10-31 00:00:00+00:00,3417.300048828125
2016-11-01 00:00:00+00:00,3421.699951171875
2016-11-02 00:00:00+00:00,3439.300048828125
2016-11-03 00:00:00+00:00,3429.60009765625
2016-11-04 00:00:00+00:00,3442.699951171875
2016-11-07 00:00:00+00:00,3474.39990234375
2016-11-08 00:00:00+00:00,3473.699951171875
2016-11-09 00:00:00+00:00,3537.699951171875
2016-11-10 00:00:00+00:00,3485.60009765625
2016-11-11 00:00:00+00:00,3505.199951171875
2016-11-14 00:00:00+00:00,3527.800048828125
2016-11-15 00:00:00+00:00,3532.199951171875
2016-11-16 00:00:00+00:00,3542.10009765625
2016-11-17 00:00:00+00:00,3590.10009765625
2016-11-18 00:00:00+00:00,3573.699951171875
2016-11-21 00:00:00+00:00,3577.5
2016-11-22 00:00:00+00:00,3568.89990234375
2016-11-23 00:00:00+00:00,3596.89990234375
2016-11-24 00:00:00+00:00,3590.699951171875
2016-11-25 00:00:00+00:00,3579.800048828125
2016-11-28 00:00:00+00:00,3580.0
2016-11-29 00:00:00+00:00,3565.0
2016-11-30 00:00:00+00:00,3588.199951171875
2016-12-01 00:00:00+00:00,3570.89990234375
2016-12-02 00:00:00+00:00,3580.0
2016-12-05 00:00:00+00:00,3566.10009765625
2016-12-06 00:00:00+00:00,3591.60009765625
2016-12-07 00:00:00+00:00,3565.0
2016-12-08 00:00:00+00:00,3625.699951171875
2016-12-09 00:00:00+00:00,3558.10009765625
2016-12-12 00:00:00+00:00,3528.0
2016-12-13 00:00:00+00:00,3525.60009765625
2016-12-14 00:00:00+00:00,3592.0
2016-12-15 00:00:00+00:00,3555.39990234375
2016-12-16 00:00:00+00:00,3544.5
2016-12-19 00:00:00+00:00,3541.800048828125
2016-12-20 00:00:00+00:00,3522.300048828125
2016-12-21 00:00:00+00:00,3509.60009765625
2016-12-22 00:00:00+00:00,3530.39990234375
2016-12-23 00:00:00+00:00,3537.10009765625
2016-12-26 00:00:00+00:00,3535.39990234375
2016-12-27 00:00:00+00:00,3534.199951171875
2016-12-28 00:00:00+00:00,3557.60009765625
2016-12-29 00:00:00+00:00,3564.699951171875
2016-12-30 00:00:00+00:00,3574.5
2017-01-02 00:00:00+00:00,3570.39990234375
2017-01-03 00:00:00+00:00,3569.800048828125
2017-01-04 00:00:00+00:00,3562.800048828125
2017-01-05 00:00:00+00:00,3549.0
2017-01-06 00:00:00+00:00,3613.300048828125
2017-01-09 00:00:00+00:00,3569.60009765625
2017-01-10 00:00:00+00:00,3589.60009765625
2017-01-11 00:00:00+00:00,3564.60009765625
2017-01-12 00:00:00+00:00,3588.89990234375
2017-01-13 00:00:00+00:00,3568.89990234375
2017-01-16 00:00:00+00:00,3569.39990234375
2017-01-17 00:00:00+00:00,3572.60009765625
2017-01-18 00:00:00+00:00,3575.699951171875
2017-01-19 00:00:00+00:00,3541.800048828125
2017-01-20 00:00:00+00:00,3538.89990234375
2017-01-23 00:00:00+00:00,3540.39990234375
2017-01-24 00:00:00+00:00,3552.300048828125
2017-01-25 00:00:00+00:00,3549.199951171875
2017-01-26 00:00:00+00:00,3565.10009765625
2017-01-27 00:00:00+00:00,3551.60009765625
2017-01-30 00:00:00+00:00,3535.10009765625
2017-01-31 00:00:00+00:00,3534.0
2017-02-01 00:00:00+00:00,3555.60009765625
2017-02-02 00:00:00+00:00,3543.39990234375
2017-02-03 00:00:00+00:00,3520.699951171875
2017-02-06 00:00:00+00:00,3536.60009765625
2017-02-07 00:00:00+00:00,3539.0
2017-02-08 00:00:00+00:00,3523.699951171875
2017-02-09 00:00:00+00:00,3545.89990234375
2017-02-10 00:00:00+00:00,3537.199951171875
2017-02-13 00:00:00+00:00,3558.199951171875
2017-02-14 00:00:00+00:00,3560.10009765625
2017-02-15 00:00:00+00:00,3529.10009765625
2017-02-16 00:00:00+00:00,3529.89990234375
2017-02-17 00:00:00+00:00,3552.800048828125
2017-02-20 00:00:00+00:00,3551.699951171875
2017-02-21 00:00:00+00:00,3545.89990234375
2017-02-22 00:00:00+00:00,3523.5
2017-02-23 00:00:00+00:00,3544.39990234375
2017-02-24 00:00:00+00:00,3543.39990234375
2017-02-27 00:00:00+00:00,3542.89990234375
2017-02-28 00:00:00+00:00,3547.89990234375
2017-03-01 00:00:00+00:00,3547.699951171875
2017-03-02 00:00:00+00:00,3557.800048828125
2017-03-03 00:00:00+00:00,3555.800048828125
2017-03-06 00:00:00+00:00,3557.39990234375
2017-03-07 00:00:00+00:00,3559.89990234375
2017-03-08 00:00:00+00:00,3558.5
2017-03-09 00:00:00+00:00,3547.199951171875
2017-03-10 00:00:00+00:00,3540.10009765625
2017-03-13 00:00:00+00:00,3557.5
2017-03-14 00:00:00+00:00,3566.199951171875
2017-03-15 00:00:00+00:00,3516.60009765625
2017-03-16 00:00:00+00:00,3535.699951171875
2017-03-17 00:00:00+00:00,3552.0
2017-03-20 00:00:00+00:00,3562.300048828125
2017-03-21 00:00:00+00:00,3559.39990234375
2017-03-22 00:00:00+00:00,3549.199951171875
2017-03-23 00:00:00+00:00,3553.89990234375
2017-03-24 00:00:00+00:00,3560.60009765625
2017-03-27 00:00:00+01:00,3561.89990234375
2017-03-28 00:00:00+01:00,3576.800048828125
2017-03-29 00:00:00+01:00,3575.300048828125
2017-03-30 00:00:00+01:00,3592.89990234375
2017-03-31 00:00:00+01:00,3583.60009765625
2017-04-03 00:00:00+01:00,3567.89990234375
2017-04-04 00:00:00+01:00,3561.39990234375
2017-04-05 00:00:00+01:00,3574.300048828125
2017-04-06 00:00:00+01:00,3579.5
2017-04-07 00:00:00+01:00,3576.699951171875
2017-04-10 00:00:00+01:00,3573.199951171875
2017-04-11 00:00:00+01:00,3572.39990234375
2017-04-12 00:00:00+01:00,3576.699951171875
2017-04-13 00:00:00+01:00,3577.699951171875
2017-04-14 00:00:00+01:00,3586.5
2017-04-17 00:00:00+01:00,3575.199951171875
2017-04-18 00:00:00+01:00,3550.699951171875
2017-04-19 00:00:00+01:00,3575.0
2017-04-20 00:00:00+01:00,3580.89990234375
2017-04-21 00:00:00+01:00,3558.60009765625
2017-04-24 00:00:00+01:00,3570.60009765625
2017-04-25 00:00:00+01:00,3573.0
2017-04-26 00:00:00+01:00,3594.699951171875
2017-04-27 00:00:00+01:00,3615.0
2017-04-28 00:00:00+01:00,3622.89990234375
2017-05-01 00:00:00+01:00,3620.39990234375
2017-05-02 00:00:00+01:00,3600.0
2017-05-03 00:00:00+01:00,3593.89990234375
2017-05-04 00:00:00+01:00,3575.199951171875
2017-05-05 00:00:00+01:00,3573.699951171875
2017-05-08 00:00:00+01:00,3598.0
2017-05-09 00:00:00+01:00,3593.699951171875
2017-05-10 00:00:00+01:00,3593.699951171875
2017-05-11 00:00:00+01:00,3596.800048828125
2017-05-12 00:00:00+01:00,3580.39990234375
2017-05-15 00:00:00+01:00,3586.699951171875
2017-05-16 00:00:00+01:00,3571.10009765625
2017-05-17 00:00:00+01:00,3567.10009765625
2017-05-18 00:00:00+01:00,3596.60009765625
2017-05-19 00:00:00+01:00,3570.60009765625
2017-05-22 00:00:00+01:00,3581.300048828125
2017-05-23 00:00:00+01:00,3590.300048828125
2017-05-24 00:00:00+01:00,3561.199951171875
2017-05-25 00:00:00+01:00,3567.5
2017-05-26 00:00:00+01:00,3582.699951171875
2017-05-29 00:00:00+01:00,3571.300048828125
2017-05-30 00:00:00+01:00,3554.800048828125
2017-05-31 00:00:00+01:00,3553.199951171875
2017-06-01 00:00:00+01:00,3557.39990234375
2017-06-02 00:00:00+01:00,3536.699951171875
2017-06-05 00:00:00+01:00,3555.800048828125
2017-06-06 00:00:00+01:00,3546.300048828125
2017-06-07 00:00:00+01:00,3535.10009765625
2017-06-08 00:00:00+01:00,3559.89990234375
2017-06-09 00:00:00+01:00,3544.89990234375
2017-06-12 00:00:00+01:00,3553.800048828125
2017-06-13 00:00:00+01:00,3546.60009765625
2017-06-14 00:00:00+01:00,3545.39990234375
2017-06-15 00:00:00+01:00,3547.0
2017-06-16 00:00:00+01:00,3547.89990234375
2017-06-19 00:00:00+01:00,3563.10009765625
2017-06-20 00:00:00+01:00,3552.699951171875
2017-06-21 00:00:00+01:00,3544.199951171875
2017-06-22 00:00:00+01:00,3552.0
2017-06-23 00:00:00+01:00,3535.89990234375
2017-06-26 00:00:00+01:00,3548.39990234375
2017-06-27 00:00:00+01:00,3524.5
2017-06-28 00:00:00+01:00,3542.300048828125
2017-06-29 00:00:00+01:00,3537.10009765625
2017-06-30 00:00:00+01:00,3548.699951171875
2017-07-03 00:00:00+01:00,3564.60009765625
2017-07-04 00:00:00+01:00,3568.60009765625
2017-07-05 00:00:00+01:00,3551.60009765625
2017-07-06 00:00:00+01:00,3559.10009765625
2017-07-07 00:00:00+01:00,3560.89990234375
2017-07-10 00:00:00+01:00,3558.5
2017-07-11 00:00:00+01:00,3544.10009765625
2017-07-12 00:00:00+01:00,3576.300048828125
2017-07-13 00:00:00+01:00,3561.89990234375
2017-07-14 00:00:00+01:00,3543.300048828125
2017-07-17 00:00:00+01:00,3555.5
2017-07-18 00:00:00+01:00,3561.800048828125
2017-07-19 00:00:00+01:00,3563.10009765625
2017-07-20 00:00:00+01:00,3521.89990234375
2017-07-21 00:00:00+01:00,3555.800048828125
2017-07-24 00:00:00+01:00,3563.60009765625
2017-07-25 00:00:00+01:00,3559.60009765625
2017-07-26 00:00:00+01:00,3530.5
2017-07-27 00:00:00+01:00,3569.60009765625
2017-07-28 00:00:00+01:00,3558.800048828125
2017-07-31 00:00:00+01:00,3539.0
2017-08-01 00:00:00+01:00,3574.0
2017-08-02 00:00:00+01:00,3571.60009765625
2017-08-03 00:00:00+01:00,3561.699951171875
2017-08-04 00:00:00+01:00,3608.60009765625
2017-08-07 00:00:00+01:00,3576.800048828125
2017-08-08 00:00:00+01:00,3595.699951171875
2017-08-09 00:00:00+01:00,3564.699951171875
2017-08-10 00:00:00+01:00,3557.800048828125
2017-08-11 00:00:00+01:00,3548.10009765625
2017-08-14 00:00:00+01:00,3573.0
2017-08-15 00:00:00+01:00,3570.60009765625
2017-08-16 00:00:00+01:00,3537.300048828125
2017-08-17 00:00:00+01:00,3558.300048828125
2017-08-18 00:00:00+01:00,3560.199951171875
2017-08-21 00:00:00+01:00,3548.199951171875
2017-08-22 00:00:00+01:00,3562.300048828125
2017-08-23 00:00:00+01:00,3553.10009765625
2017-08-24 00:00:00+01:00,3559.39990234375
2017-08-25 00:00:00+01:00,3533.5
2017-08-28 00:00:00+01:00,3555.39990234375
2017-08-29 00:00:00+01:00,3583.300048828125
2017-08-30 00:00:00+01:00,3579.199951171875
2017-08-31 00:00:00+01:00,3545.300048828125
2017-09-01 00:00:00+01:00,3578.300048828125
2017-09-04 00:00:00+01:00,3566.300048828125
2017-09-05 00:00:00+01:00,3555.0
2017-09-06 00:00:00+01:00,3564.39990234375
2017-09-07 00:00:00+01:00,3552.10009765625
2017-09-08 00:00:00+01:00,3569.89990234375
2017-09-11 00:00:00+01:00,3574.699951171875
2017-09-12 00:00:00+01:00,3553.89990234375
2017-09-13 00:00:00+01:00,3589.60009765625
2017-09-14 00:00:00+01:00,3552.5
2017-09-15 00:00:00+01:00,3558.5
2017-09-18 00:00:00+01:00,3559.39990234375
2017-09-19 00:00:00+01:00,3558.89990234375
2017-09-20 00:00:00+01:00,3597.0
2017-09-21 00:00:00+01:00,3550.89990234375
2017-09-22 00:00:00+01:00,3572.800048828125
2017-09-25 00:00:00+01:00,3574.199951171875
2017-09-26 00:00:00+01:00,3563.39990234375
2017-09-27 00:00:00+01:00,3566.39990234375
2017-09-28 00:00:00+01:00,3560.5
2017-09-29 00:00:00+01:00,3588.60009765625
2017-10-02 00:00:00+01:00,3565.800048828125
2017-10-03 00:00:00+01:00,3572.10009765625
2017-10-04 00:00:00+01:00,3573.89990234375
2017-10-05 00:00:00+01:00,3579.699951171875
2017-10-06 00:00:00+01:00,3579.699951171875
2017-10-09 00:00:00+01:00,3586.300048828125
2017-10-10 00:00:00+01:00,3583.39990234375
2017-10-11 00:00:00+01:00,3581.0
2017-10-12 00:00:00+01:00,3598.89990234375
2017-10-13 00:00:00+01:00,3603.699951171875
2017-10-16 00:00:00+01:00,3605.89990234375
2017-10-17 00:00:00+01:00,3619.800048828125
2017-10-18 00:00:00+01:00,3604.39990234375
2017-10-19 00:00:00+01:00,3612.300048828125
2017-10-20 00:00:00+01:00,3626.699951171875
2017-10-23 00:00:00+01:00,3620.300048828125
2017-10-24 00:00:00+01:00,3625.5
2017-10-25 00:00:00+01:00,3603.5
2017-10-26 00:00:00+01:00,3664.699951171875
2017-10-27 00:00:00+01:00,3618.89990234375
2017-10-30 00:00:00+00:00,3610.5
2017-10-31 00:00:00+00:00,3613.39990234375
2017-11-01 00:00:00+00:00,3620.0
2017-11-02 00:00:00+00:00,3614.699951171875
2017-11-03 00:00:00+00:00,3626.0
2017-11-06 00:00:00+00:00,3599.39990234375
2017-11-07 00:00:00+00:00,3590.60009765625
2017-11-08 00:00:00+00:00,3597.10009765625
2017-11-09 00:00:00+00:00,3591.0
2017-11-10 00:00:00+00:00,3595.5
2017-11-13 00:00:00+00:00,3594.89990234375
2017-11-14 00:00:00+00:00,3573.39990234375
2017-11-15 00:00:00+00:00,3623.699951171875
2017-11-16 00:00:00+00:00,3594.699951171875
2017-11-17 00:00:00+00:00,3597.699951171875
2017-11-20 00:00:00+00:00,3613.5
2017-11-21 00:00:00+00:00,3590.89990234375
2017-11-22 00:00:00+00:00,3574.199951171875
2017-11-23 00:00:00+00:00,3598.0
2017-11-24 00:00:00+00:00,3579.300048828125
2017-11-27 00:00:00+00:00,3608.5
2017-11-28 00:00:00+00:00,3611.199951171875
2017-11-29 00:00:00+00:00,3594.300048828125
2017-11-30 00:00:00+00:00,3577.0
2017-12-01 00:00:00+00:00,3596.199951171875
2017-12-04 00:00:00+00:00,3586.60009765625
2017-12-05 00:00:00+00:00,3598.800048828125
2017-12-06 00:00:00+00:00,3590.0
2017-12-07 00:00:00+00:00,3588.199951171875
2017-12-08 00:00:00+00:00,3565.699951171875
2017-12-11 00:00:00+00:00,3587.60009765625
2017-12-12 00:00:00+00:00,3596.0
2017-12-13 00:00:00+00:00,3558.300048828125
2017-12-14 00:00:00+00:00,3597.699951171875
2017-12-15 00:00:00+00:00,3596.0
2017-12-18 00:00:00+00:00,3581.89990234375
2017-12-19 00:00:00+00:00,3567.89990234375
2017-12-20 00:00:00+00:00,3570.300048828125
2017-12-21 00:00:00+00:00,3576.60009765625
2017-12-22 00:00:00+00:00,3580.89990234375
2017-12-25 00:00:00+00:00,3577.800048828125
2017-12-26 00:00:00+00:00,3582.10009765625
2017-12-27 00:00:00+00:00,3585.89990234375
2017-12-28 00:00:00+00:00,3591.39990234375
2017-12-29 00:00:00+00:00,3595.199951171875
2018-01-01 00:00:00+00:00,3592.199951171875
2018-01-02 00:00:00+00:00,3603.60009765625
2018-01-03 00:00:00+00:00,3608.0
2018-01-04 00:00:00+00:00,3605.5
2018-01-05 00:00:00+00:00,3628.5
2018-01-08 00:00:00+00:00,3626.5
2018-01-09 00:00:00+00:00,3619.699951171875
2018-01-10 00:00:00+00:00,3644.60009765625
2018-01-11 00:00:00+00:00,3589.60009765625
2018-01-12 00:00:00+00:00,3587.60009765625
2018-01-15 00:00:00+00:00,3601.199951171875
2018-01-16 00:00:00+00:00,3584.60009765625
2018-01-17 00:00:00+00:00,3599.800048828125
2018-01-18 00:00:00+00:00,3595.0
2018-01-19 00:00:00+00:00,3612.800048828125
2018-01-22 00:00:00+00:00,3596.5
2018-01-23 00:00:00+00:00,3598.199951171875
2018-01-24 00:00:00+00:00,3600.699951171875
2018-01-25 00:00:00+00:00,3598.0
2018-01-26 00:00:00+00:00,3595.5
2018-01-29 00:00:00+00:00,3593.10009765625
2018-01-30 00:00:00+00:00,3592.10009765625
2018-01-31 00:00:00+00:00,3582.60009765625
2018-02-01 00:00:00+00:00,3584.699951171875
2018-02-02 00:00:00+00:00,3591.60009765625
2018-02-05 00:00:00+00:00,3598.39990234375
2018-02-06 00:00:00+00:00,3601.0
2018-02-07 00:00:00+00:00,3602.60009765625
2018-02-08 00:00:00+00:00,3594.699951171875
2018-02-09 00:00:00+00:00,3603.0
2018-02-12 00:00:00+00:00,3600.39990234375
2018-02-13 00:00:00+00:00,3597.699951171875
2018-02-14 00:00:00+00:00,3600.39990234375
2018-02-15 00:00:00+00:00,3597.60009765625
2018-02-16 00:00:00+00:00,3599.5
2018-02-19 00:00:00+00:00,3598.800048828125
2018-02-20 00:00:00+00:00,3599.699951171875
2018-02-21 00:00:00+00:00,3603.60009765625
2018-02-22 00:00:00+00:00,3618.199951171875
2018-02-23 00:00:00+00:00,3624.10009765625
2018-02-26 00:00:00+00:00,3610.10009765625
2018-02-27 00:00:00+00:00,3613.10009765625
2018-02-28 00:00:00+00:00,3615.39990234375
2018-03-01 00:00:00+00:00,3612.89990234375
2018-03-02 00:00:00+00:00,3611.699951171875
2018-03-05 00:00:00+00:00,3608.300048828125
2018-03-06 00:00:00+00:00,3619.60009765625
2018-03-07 00:00:00+00:00,3624.10009765625
2018-03-08 00:00:00+00:00,3621.0
2018-03-09 00:00:00+00:00,3621.10009765625
2018-03-12 00:00:00+00:00,3620.39990234375
2018-03-13 00:00:00+00:00,3616.699951171875
2018-03-14 00:00:00+00:00,3621.699951171875
2018-03-15 00:00:00+00:00,3621.199951171875
2018-03-16 00:00:00+00:00,3624.800048828125
2018-03-19 00:00:00+00:00,3612.60009765625
2018-03-20 00:00:00+00:00,3626.39990234375
2018-03-21 00:00:00+00:00,3624.60009765625
2018-03-22 00:00:00+00:00,3627.5
2018-03-23 00:00:00+00:00,3630.699951171875
2018-03-26 00:00:00+01:00,3640.800048828125
2018-03-27 00:00:00+01:00,3640.199951171875
2018-03-28 00:00:00+01:00,3648.699951171875
2018-03-29 00:00:00+01:00,3654.0
2018-03-30 00:00:00+01:00,3654.39990234375
2018-04-02 00:00:00+01:00,3656.60009765625
2018-04-03 00:00:00+01:00,3654.199951171875
2018-04-04 00:00:00+01:00,3654.199951171875
2018-04-05 00:00:00+01:00,3655.89990234375
2018-04-06 00:00:00+01:00,3657.60009765625
2018-04-09 00:00:00+01:00,3655.39990234375
2018-04-10 00:00:00+01:00,3641.10009765625
2018-04-11 00:00:00+01:00,3655.0
2018-04-12 00:00:00+01:00,3655.800048828125
2018-04-13 00:00:00+01:00,3656.5
2018-04-16 00:00:00+01:00,3658.60009765625
2018-04-17 00:00:00+01:00,3655.39990234375
2018-04-18 00:00:00+01:00,3653.0
2018-04-19 00:00:00+01:00,3652.10009765625
2018-04-20 00:00:00+01:00,3655.5
2018-04-23 00:00:00+01:00,3657.5
2018-04-24 00:00:00+01:00,3664.0
2018-04-25 00:00:00+01:00,3662.800048828125
2018-04-26 00:00:00+01:00,3669.199951171875
2018-04-27 00:00:00+01:00,3676.39990234375
2018-04-30 00:00:00+01:00,3674.60009765625
2018-05-01 00:00:00+01:00,3678.800048828125
2018-05-02 00:00:00+01:00,3686.39990234375
2018-05-03 00:00:00+01:00,3674.699951171875
2018-05-04 00:00:00+01:00,3676.0
2018-05-07 00:00:00+01:00,3672.0
2018-05-08 00:00:00+01:00,3674.199951171875
2018-05-09 00:00:00+01:00,3676.199951171875
2018-05-10 00:00:00+01:00,3673.89990234375
2018-05-11 00:00:00+01:00,3680.800048828125
2018-05-14 00:00:00+01:00,3671.300048828125
2018-05-15 00:00:00+01:00,3674.800048828125
2018-05-16 00:00:00+01:00,3677.800048828125
2018-05-17 00:00:00+01:00,3679.0
2018-05-18 00:00:00+01:00,3682.699951171875
2018-05-21 00:00:00+01:00,3675.89990234375
2018-05-22 00:00:00+01:00,3687.89990234375
2018-05-23 00:00:00+01:00,3687.5
2018-05-24 00:00:00+01:00,3698.10009765625
2018-05-25 00:00:00+01:00,3697.89990234375
2018-05-28 00:00:00+01:00,3698.800048828125
2018-05-29 00:00:00+01:00,3712.39990234375
2018-05-30 00:00:00+01:00,3724.699951171875
2018-05-31 00:00:00+01:00,3721.39990234375
2018-06-01 00:00:00+01:00,3737.0
2018-06-04 00:00:00+01:00,3752.0
2018-06-05 00:00:00+01:00,3756.300048828125
2018-06-06 00:00:00+01:00,3753.89990234375
2018-06-07 00:00:00+01:00,3761.89990234375
2018-06-08 00:00:00+01:00,3773.39990234375
2018-06-11 00:00:00+01:00,3768.699951171875
2018-06-12 00:00:00+01:00,3781.10009765625
2018-06-13 00:00:00+01:00,3793.800048828125
2018-06-14 00:00:00+01:00,3804.800048828125
2018-06-15 00:00:00+01:00,3804.300048828125
2018-06-18 00:00:00+01:00,3805.699951171875
2018-06-19 00:00:00+01:00,3811.10009765625
2018-06-20 00:00:00+01:00,3819.39990234375
2018-06-21 00:00:00+01:00,3835.300048828125
2018-06-22 00:00:00+01:00,3856.60009765625
2018-06-25 00:00:00+01:00,3825.89990234375
2018-06-26 00:00:00+01:00,3826.199951171875
2018-06-27 00:00:00+01:00,3847.699951171875
2018-06-28 00:00:00+01:00,3842.10009765625
2018-06-29 00:00:00+01:00,3842.300048828125
2018-07-02 00:00:00+01:00,3838.89990234375
2018-07-03 00:00:00+01:00,3841.0
2018-07-04 00:00:00+01:00,3820.699951171875
2018-07-05 00:00:00+01:00,3807.39990234375
2018-07-06 00:00:00+01:00,3803.300048828125
2018-07-09 00:00:00+01:00,3781.199951171875
2018-07-10 00:00:00+01:00,3770.5
2018-07-11 00:00:00+01:00,3763.10009765625
2018-07-12 00:00:00+01:00,3711.300048828125
2018-07-13 00:00:00+01:00,3716.60009765625
2018-07-16 00:00:00+01:00,3670.199951171875
2018-07-17 00:00:00+01:00,3645.5
2018-07-18 00:00:00+01:00,3682.60009765625
2018-07-19 00:00:00+01:00,3706.699951171875
2018-07-20 00:00:00+01:00,3703.699951171875
2018-07-23 00:00:00+01:00,3673.199951171875
2018-07-24 00:00:00+01:00,3686.300048828125
2018-07-25 00:00:00+01:00,3662.10009765625
2018-07-26 00:00:00+01:00,3661.0
2018-07-27 00:00:00+01:00,3671.5
2018-07-30 00:00:00+01:00,3666.699951171875
2018-07-31 00:00:00+01:00,3661.5
2018-08-01 00:00:00+01:00,3657.0
2018-08-02 00:00:00+01:00,3652.300048828125
2018-08-03 00:00:00+01:00,3661.5
2018-08-06 00:00:00+01:00,3657.39990234375
2018-08-07 00:00:00+01:00,3658.300048828125
2018-08-08 00:00:00+01:00,3655.0
2018-08-09 00:00:00+01:00,3650.89990234375
2018-08-10 00:00:00+01:00,3630.89990234375
2018-08-13 00:00:00+01:00,3670.39990234375
2018-08-14 00:00:00+01:00,3705.89990234375
2018-08-15 00:00:00+01:00,3697.199951171875
2018-08-16 00:00:00+01:00,3701.0
2018-08-17 00:00:00+01:00,3711.39990234375
2018-08-20 00:00:00+01:00,3708.10009765625
2018-08-21 00:00:00+01:00,3714.0
2018-08-22 00:00:00+01:00,3724.0
2018-08-23 00:00:00+01:00,3710.10009765625
2018-08-24 00:00:00+01:00,3712.800048828125
2018-08-27 00:00:00+01:00,3700.10009765625
2018-08-28 00:00:00+01:00,3714.800048828125
2018-08-29 00:00:00+01:00,3726.800048828125
2018-08-30 00:00:00+01:00,3731.5
2018-08-31 00:00:00+01:00,3724.5
2018-09-03 00:00:00+01:00,3725.5
2018-09-04 00:00:00+01:00,3728.39990234375
2018-09-05 00:00:00+01:00,3729.89990234375
2018-09-06 00:00:00+01:00,3746.300048828125
2018-09-07 00:00:00+01:00,3735.89990234375
2018-09-10 00:00:00+01:00,3741.300048828125
2018-09-11 00:00:00+01:00,3741.199951171875
2018-09-12 00:00:00+01:00,3755.699951171875
2018-09-13 00:00:00+01:00,3758.89990234375
2018-09-14 00:00:00+01:00,3766.5
2018-09-17 00:00:00+01:00,3766.699951171875
2018-09-18 00:00:00+01:00,3782.800048828125
2018-09-19 00:00:00+01:00,3780.10009765625
2018-09-20 00:00:00+01:00,3788.89990234375
2018-09-21 00:00:00+01:00,3786.5
2018-09-24 00:00:00+01:00,3781.800048828125
2018-09-25 00:00:00+01:00,3776.10009765625
2018-09-26 00:00:00+01:00,3781.89990234375
2018-09-27 00:00:00+01:00,3784.60009765625
2018-09-28 00:00:00+01:00,3787.10009765625
2018-10-01 00:00:00+01:00,3787.199951171875
2018-10-02 00:00:00+01:00,3785.89990234375
2018-10-03 00:00:00+01:00,3781.10009765625
2018-10-04 00:00:00+01:00,3758.60009765625
2018-10-05 00:00:00+01:00,3731.199951171875
2018-10-08 00:00:00+01:00,3731.0
2018-10-09 00:00:00+01:00,3751.39990234375
2018-10-10 00:00:00+01:00,3754.199951171875
2018-10-11 00:00:00+01:00,3762.0
2018-10-12 00:00:00+01:00,3756.10009765625
2018-10-15 00:00:00+01:00,3744.699951171875
2018-10-16 00:00:00+01:00,3742.699951171875
2018-10-17 00:00:00+01:00,3741.10009765625
2018-10-18 00:00:00+01:00,3736.89990234375
2018-10-19 00:00:00+01:00,3721.199951171875
2018-10-22 00:00:00+01:00,3719.800048828125
2018-10-23 00:00:00+01:00,3718.199951171875
2018-10-24 00:00:00+01:00,3722.89990234375
2018-10-25 00:00:00+01:00,3722.60009765625
2018-10-26 00:00:00+01:00,3721.300048828125
2018-10-29 00:00:00+00:00,3706.0
2018-10-30 00:00:00+00:00,3720.39990234375
2018-10-31 00:00:00+00:00,3718.300048828125
2018-11-01 00:00:00+00:00,3727.0
2018-11-02 00:00:00+00:00,3699.800048828125
2018-11-05 00:00:00+00:00,3703.39990234375
2018-11-06 00:00:00+00:00,3717.0
2018-11-07 00:00:00+00:00,3716.39990234375
2018-11-08 00:00:00+00:00,3718.39990234375
2018-11-09 00:00:00+00:00,3712.5
2018-11-12 00:00:00+00:00,3709.0
2018-11-13 00:00:00+00:00,3706.60009765625
2018-11-14 00:00:00+00:00,3700.0
2018-11-15 00:00:00+00:00,3696.60009765625
2018-11-16 00:00:00+00:00,3696.300048828125
2018-11-19 00:00:00+00:00,3667.89990234375
2018-11-20 00:00:00+00:00,3695.60009765625
2018-11-21 00:00:00+00:00,3686.10009765625
2018-11-22 00:00:00+00:00,3680.39990234375
2018-11-23 00:00:00+00:00,3686.60009765625
2018-11-26 00:00:00+00:00,3699.10009765625
2018-11-27 00:00:00+00:00,3700.0
2018-11-28 00:00:00+00:00,3689.699951171875
2018-11-29 00:00:00+00:00,3689.10009765625
2018-11-30 00:00:00+00:00,3688.800048828125
2018-12-03 00:00:00+00:00,3700.0
2018-12-04 00:00:00+00:00,3686.199951171875
2018-12-05 00:00:00+00:00,3685.39990234375
2018-12-06 00:00:00+00:00,3694.10009765625
2018-12-07 00:00:00+00:00,3694.5
2018-12-10 00:00:00+00:00,3696.699951171875
2018-12-11 00:00:00+00:00,3690.89990234375
2018-12-12 00:00:00+00:00,3690.699951171875
2018-12-13 00:00:00+00:00,3673.39990234375
2018-12-14 00:00:00+00:00,3663.10009765625
2018-12-17 00:00:00+00:00,3653.800048828125
2018-12-18 00:00:00+00:00,3665.699951171875
2018-12-19 00:00:00+00:00,3660.699951171875
2018-12-20 00:00:00+00:00,3656.199951171875
2018-12-21 00:00:00+00:00,3660.300048828125
2018-12-24 00:00:00+00:00,3653.300048828125
2018-12-25 00:00:00+00:00,3669.5
2018-12-26 00:00:00+00:00,3662.699951171875
2018-12-27 00:00:00+00:00,3665.10009765625
2018-12-28 00:00:00+00:00,3677.800048828125
2018-12-31 00:00:00+00:00,3676.60009765625
2019-01-01 00:00:00+00:00,3672.300048828125
2019-01-02 00:00:00+00:00,3661.699951171875
2019-01-03 00:00:00+00:00,3677.300048828125
2019-01-04 00:00:00+00:00,3684.800048828125
2019-01-07 00:00:00+00:00,3686.39990234375
2019-01-08 00:00:00+00:00,3689.800048828125
2019-01-09 00:00:00+00:00,3696.10009765625
2019-01-10 00:00:00+00:00,3692.0
2019-01-11 00:00:00+00:00,3682.199951171875
2019-01-14 00:00:00+00:00,3670.699951171875
2019-01-15 00:00:00+00:00,3660.60009765625
2019-01-16 00:00:00+00:00,3655.199951171875
2019-01-17 00:00:00+00:00,3659.800048828125
2019-01-18 00:00:00+00:00,3674.800048828125
2019-01-21 00:00:00+00:00,3671.699951171875
2019-01-22 00:00:00+00:00,3662.300048828125
2019-01-23 00:00:00+00:00,3658.60009765625
2019-01-24 00:00:00+00:00,3652.89990234375
2019-01-25 00:00:00+00:00,3651.699951171875
2019-01-28 00:00:00+00:00,3618.10009765625
2019-01-29 00:00:00+00:00,3637.800048828125
2019-01-30 00:00:00+00:00,3626.89990234375
2019-01-31 00:00:00+00:00,3637.60009765625
2019-02-01 00:00:00+00:00,3644.10009765625
2019-02-04 00:00:00+00:00,3631.699951171875
2019-02-05 00:00:00+00:00,3642.699951171875
2019-02-06 00:00:00+00:00,3640.60009765625
2019-02-07 00:00:00+00:00,3633.199951171875
2019-02-08 00:00:00+00:00,3624.60009765625
2019-02-11 00:00:00+00:00,3636.5
2019-02-12 00:00:00+00:00,3630.5
2019-02-13 00:00:00+00:00,3627.5
2019-02-14 00:00:00+00:00,3630.10009765625
2019-02-15 00:00:00+00:00,3631.0
2019-02-18 00:00:00+00:00,3629.10009765625
2019-02-19 00:00:00+00:00,3628.699951171875
2019-02-20 00:00:00+00:00,3631.5
2019-02-21 00:00:00+00:00,3633.0
2019-02-22 00:00:00+00:00,3627.0
2019-02-25 00:00:00+00:00,3629.300048828125
2019-02-26 00:00:00+00:00,3630.89990234375
2019-02-27 00:00:00+00:00,3636.699951171875
2019-02-28 00:00:00+00:00,3646.89990234375
2019-03-01 00:00:00+00:00,3664.39990234375
2019-03-04 00:00:00+00:00,3665.0
2019-03-05 00:00:00+00:00,3653.699951171875
2019-03-06 00:00:00+00:00,3656.699951171875
2019-03-07 00:00:00+00:00,3679.300048828125
2019-03-08 00:00:00+00:00,3662.0
2019-03-11 00:00:00+00:00,3656.89990234375
2019-03-12 00:00:00+00:00,3672.800048828125
2019-03-13 00:00:00+00:00,3669.800048828125
2019-03-14 00:00:00+00:00,3672.89990234375
2019-03-15 00:00:00+00:00,3675.89990234375
2019-03-18 00:00:00+00:00,3660.699951171875
2019-03-19 00:00:00+00:00,3672.199951171875
2019-03-20 00:00:00+00:00,3664.800048828125
2019-03-21 00:00:00+00:00,3666.800048828125
2019-03-22 00:00:00+00:00,3661.199951171875
2019-03-25 00:00:00+00:00,3655.699951171875
2019-03-26 00:00:00+00:00,3663.60009765625
2019-03-27 00:00:00+00:00,3668.89990234375
2019-03-28 00:00:00+00:00,3666.699951171875
2019-03-29 00:00:00+00:00,3675.10009765625
2019-04-01 00:00:00+01:00,3674.800048828125
2019-04-02 00:00:00+01:00,3673.0
2019-04-03 00:00:00+01:00,3680.10009765625
2019-04-04 00:00:00+01:00,3683.10009765625
2019-04-05 00:00:00+01:00,3685.199951171875
2019-04-08 00:00:00+01:00,3701.5
2019-04-09 00:00:00+01:00,3695.0
2019-04-10 00:00:00+01:00,3707.199951171875
2019-04-11 00:00:00+01:00,3718.300048828125
2019-04-12 00:00:00+01:00,3708.39990234375
2019-04-15 00:00:00+01:00,3698.10009765625
2019-04-16 00:00:00+01:00,3699.800048828125
2019-04-17 00:00:00+01:00,3695.800048828125
2019-04-18 00:00:00+01:00,3695.800048828125
2019-04-19 00:00:00+01:00,3701.89990234375
2019-04-22 00:00:00+01:00,3708.199951171875
2019-04-23 00:00:00+01:00,3704.89990234375
2019-04-24 00:00:00+01:00,3695.699951171875
2019-04-25 00:00:00+01:00,3699.89990234375
2019-04-26 00:00:00+01:00,3701.800048828125
2019-04-29 00:00:00+01:00,3698.800048828125
2019-04-30 00:00:00+01:00,3704.10009765625
2019-05-01 00:00:00+01:00,3705.199951171875
2019-05-02 00:00:00+01:00,3703.60009765625
2019-05-03 00:00:00+01:00,3723.39990234375
2019-05-06 00:00:00+01:00,3729.39990234375
2019-05-07 00:00:00+01:00,3729.60009765625
2019-05-08 00:00:00+01:00,3729.39990234375
2019-05-09 00:00:00+01:00,3736.60009765625
2019-05-10 00:00:00+01:00,3739.39990234375
2019-05-13 00:00:00+01:00,3734.800048828125
2019-05-14 00:00:00+01:00,3732.60009765625
2019-05-15 00:00:00+01:00,3732.5
2019-05-16 00:00:00+01:00,3732.89990234375
2019-05-17 00:00:00+01:00,3729.39990234375
2019-05-20 00:00:00+01:00,3716.60009765625
2019-05-21 00:00:00+01:00,3724.60009765625
2019-05-23 00:00:00+01:00,3727.10009765625
2019-05-24 00:00:00+01:00,3719.699951171875
2019-05-27 00:00:00+01:00,3716.89990234375
2019-05-28 00:00:00+01:00,3719.699951171875
2019-05-29 00:00:00+01:00,3727.89990234375
2019-05-30 00:00:00+01:00,3719.89990234375
2019-05-31 00:00:00+01:00,3718.89990234375
2019-06-03 00:00:00+01:00,3707.300048828125
2019-06-04 00:00:00+01:00,3727.5
2019-06-05 00:00:00+01:00,3727.199951171875
2019-06-06 00:00:00+01:00,3728.60009765625
2019-06-07 00:00:00+01:00,3732.199951171875
2019-06-10 00:00:00+01:00,3724.0
2019-06-11 00:00:00+01:00,3720.0
2019-06-12 00:00:00+01:00,3710.800048828125
2019-06-13 00:00:00+01:00,3705.300048828125
2019-06-14 00:00:00+01:00,3705.0
2019-06-17 00:00:00+01:00,3713.89990234375
2019-06-18 00:00:00+01:00,3694.89990234375
2019-06-19 00:00:00+01:00,3692.5
2019-06-20 00:00:00+01:00,3675.300048828125
2019-06-21 00:00:00+01:00,3649.699951171875
2019-06-24 00:00:00+01:00,3635.60009765625
2019-06-25 00:00:00+01:00,3646.199951171875
2019-06-26 00:00:00+01:00,3672.199951171875
2019-06-27 00:00:00+01:00,3665.699951171875
2019-06-28 00:00:00+01:00,3656.60009765625
2019-07-01 00:00:00+01:00,3653.699951171875
2019-07-02 00:00:00+01:00,3684.39990234375
2019-07-03 00:00:00+01:00,3668.0
2019-07-04 00:00:00+01:00,3660.0
2019-07-05 00:00:00+01:00,3660.60009765625
2019-07-08 00:00:00+01:00,3660.0
2019-07-09 00:00:00+01:00,3656.800048828125
2019-07-10 00:00:00+01:00,3652.10009765625
2019-07-11 00:00:00+01:00,3646.800048828125
2019-07-12 00:00:00+01:00,3651.60009765625
2019-07-15 00:00:00+01:00,3655.10009765625
2019-07-16 00:00:00+01:00,3653.60009765625
2019-07-17 00:00:00+01:00,3650.699951171875
2019-07-18 00:00:00+01:00,3651.89990234375
2019-07-19 00:00:00+01:00,3654.5
2019-07-22 00:00:00+01:00,3652.60009765625
2019-07-23 00:00:00+01:00,3655.10009765625
2019-07-24 00:00:00+01:00,3654.89990234375
2019-07-25 00:00:00+01:00,3655.5
2019-07-26 00:00:00+01:00,3654.5
2019-07-29 00:00:00+01:00,3653.89990234375
2019-07-30 00:00:00+01:00,3661.5
2019-07-31 00:00:00+01:00,3664.300048828125
2019-08-01 00:00:00+01:00,3660.0
2019-08-02 00:00:00+01:00,3659.89990234375
2019-08-05 00:00:00+01:00,3653.5
2019-08-06 00:00:00+01:00,3651.800048828125
2019-08-07 00:00:00+01:00,3653.39990234375
2019-08-08 00:00:00+01:00,3653.699951171875
2019-08-09 00:00:00+01:00,3660.39990234375
2019-08-12 00:00:00+01:00,3663.199951171875
2019-08-13 00:00:00+01:00,3653.60009765625
2019-08-14 00:00:00+01:00,3655.0
2019-08-15 00:00:00+01:00,3653.89990234375
2019-08-16 00:00:00+01:00,3653.699951171875
2019-08-19 00:00:00+01:00,3653.300048828125
2019-08-20 00:00:00+01:00,3652.60009765625
2019-08-21 00:00:00+01:00,3649.699951171875
2019-08-22 00:00:00+01:00,3648.5
2019-08-23 00:00:00+01:00,3650.39990234375
2019-08-26 00:00:00+01:00,3584.10009765625
2019-08-27 00:00:00+01:00,3645.0
2019-08-28 00:00:00+01:00,3644.39990234375
2019-08-29 00:00:00+01:00,3645.39990234375
2019-08-30 00:00:00+01:00,3648.39990234375
2019-09-02 00:00:00+01:00,3649.10009765625
2019-09-03 00:00:00+01:00,3642.199951171875
2019-09-04 00:00:00+01:00,3641.0
2019-09-05 00:00:00+01:00,3646.60009765625
2019-09-06 00:00:00+01:00,3637.89990234375
2019-09-09 00:00:00+01:00,3603.89990234375
2019-09-10 00:00:00+01:00,3630.300048828125
2019-09-11 00:00:00+01:00,3628.39990234375
2019-09-12 00:00:00+01:00,3623.5
2019-09-13 00:00:00+01:00,3624.199951171875
2019-09-16 00:00:00+01:00,3632.39990234375
2019-09-17 00:00:00+01:00,3628.0
2019-09-18 00:00:00+01:00,3627.60009765625
2019-09-19 00:00:00+01:00,3629.89990234375
2019-09-20 00:00:00+01:00,3635.10009765625
2019-09-23 00:00:00+01:00,3633.39990234375
2019-09-24 00:00:00+01:00,3633.10009765625
2019-09-25 00:00:00+01:00,3634.5
2019-09-26 00:00:00+01:00,3635.0
2019-09-27 00:00:00+01:00,3629.800048828125
2019-09-30 00:00:00+01:00,3643.199951171875
2019-10-01 00:00:00+01:00,3651.300048828125
2019-10-02 00:00:00+01:00,3630.800048828125
2019-10-03 00:00:00+01:00,3625.60009765625
2019-10-04 00:00:00+01:00,3637.60009765625
2019-10-07 00:00:00+01:00,3642.0
2019-10-08 00:00:00+01:00,3644.60009765625
2019-10-09 00:00:00+01:00,3652.60009765625
2019-10-10 00:00:00+01:00,3657.300048828125
2019-10-11 00:00:00+01:00,3654.199951171875
2019-10-14 00:00:00+01:00,3667.331298828125
2019-10-15 00:00:00+01:00,3660.2119140625
2019-10-16 00:00:00+01:00,3654.852783203125
2019-10-17 00:00:00+01:00,3648.523681640625
2019-10-18 00:00:00+01:00,3646.696044921875
2019-10-21 00:00:00+01:00,3648.875732421875
2019-10-22 00:00:00+01:00,3649.294921875
2019-10-23 00:00:00+01:00,3654.95947265625
2019-10-24 00:00:00+01:00,3668.9169921875
2019-10-25 00:00:00+01:00,3679.89208984375
2019-10-28 00:00:00+00:00,3688.3408203125
2019-10-29 00:00:00+00:00,3668.543701171875
2019-10-30 00:00:00+00:00,3658.62353515625
2019-10-31 00:00:00+00:00,3667.974609375
2019-11-01 00:00:00+00:00,3674.1611328125
2019-11-04 00:00:00+00:00,3669.63671875
2019-11-05 00:00:00+00:00,3664.206787109375
2019-11-06 00:00:00+00:00,3660.792236328125
2019-11-07 00:00:00+00:00,3664.294921875
2019-11-08 00:00:00+00:00,3660.287109375
2019-11-11 00:00:00+00:00,3654.73779296875
2019-11-12 00:00:00+00:00,3655.73681640625
2019-11-13 00:00:00+00:00,3653.026611328125
2019-11-14 00:00:00+00:00,3655.553466796875
2019-11-15 00:00:00+00:00,3653.732421875
2019-11-18 00:00:00+00:00,3642.829345703125
2019-11-19 00:00:00+00:00,3649.539306640625
2019-11-20 00:00:00+00:00,3648.942626953125
2019-11-21 00:00:00+00:00,3647.04345703125
2019-11-22 00:00:00+00:00,3646.95263671875
2019-11-25 00:00:00+00:00,3646.88720703125
2019-11-26 00:00:00+00:00,3658.94287109375
2019-11-27 00:00:00+00:00,3661.4169921875
2019-11-28 00:00:00+00:00,3654.97314453125
2019-11-29 00:00:00+00:00,3659.4267578125
2019-12-02 00:00:00+00:00,3651.792724609375
2019-12-03 00:00:00+00:00,3655.00732421875
2019-12-04 00:00:00+00:00,3664.36279296875
2019-12-05 00:00:00+00:00,3647.741943359375
2019-12-06 00:00:00+00:00,3646.541748046875
2019-12-09 00:00:00+00:00,3644.501220703125
2019-12-10 00:00:00+00:00,3644.236572265625
2019-12-11 00:00:00+00:00,3642.95068359375
2019-12-12 00:00:00+00:00,3634.320556640625
2019-12-13 00:00:00+00:00,3634.395751953125
2019-12-16 00:00:00+00:00,3631.793212890625
2019-12-17 00:00:00+00:00,3631.3310546875
2019-12-18 00:00:00+00:00,3632.597412109375
2019-12-19 00:00:00+00:00,3624.729736328125
2019-12-20 00:00:00+00:00,3622.9052734375
2019-12-23 00:00:00+00:00,3628.673095703125
2019-12-24 00:00:00+00:00,3621.59521484375
2019-12-25 00:00:00+00:00,3624.238525390625
2019-12-26 00:00:00+00:00,3620.658447265625
2019-12-27 00:00:00+00:00,3619.23828125
2019-12-30 00:00:00+00:00,3622.484375
2019-12-31 00:00:00+00:00,3630.1083984375
2020-01-01 00:00:00+00:00,3624.237060546875
2020-01-02 00:00:00+00:00,3643.525390625
2020-01-03 00:00:00+00:00,3626.002685546875
2020-01-06 00:00:00+00:00,3649.48095703125
2020-01-07 00:00:00+00:00,3671.2861328125
2020-01-08 00:00:00+00:00,3670.221923828125
2020-01-09 00:00:00+00:00,3658.65380859375
2020-01-10 00:00:00+00:00,3643.229736328125
2020-01-13 00:00:00+00:00,3622.661865234375
2020-01-14 00:00:00+00:00,3629.51318359375
2020-01-15 00:00:00+00:00,3630.60400390625
2020-01-16 00:00:00+00:00,3658.603271484375
2020-01-17 00:00:00+00:00,3633.83056640625
2020-01-20 00:00:00+00:00,3634.375732421875
2020-01-21 00:00:00+00:00,3631.51708984375
2020-01-22 00:00:00+00:00,3637.32958984375
2020-01-23 00:00:00+00:00,3633.943359375
2020-01-24 00:00:00+00:00,3636.781494140625
2020-01-27 00:00:00+00:00,3634.91357421875
2020-01-28 00:00:00+00:00,3641.699462890625
2020-01-29 00:00:00+00:00,3637.280029296875
2020-01-30 00:00:00+00:00,3644.576171875
2020-01-31 00:00:00+00:00,3639.47314453125
2020-02-03 00:00:00+00:00,3635.836669921875
2020-02-04 00:00:00+00:00,3630.891357421875
2020-02-05 00:00:00+00:00,3635.47509765625
2020-02-06 00:00:00+00:00,3639.73681640625
2020-02-07 00:00:00+00:00,3636.628173828125
2020-02-10 00:00:00+00:00,3633.77392578125
2020-02-11 00:00:00+00:00,3634.171630859375
2020-02-12 00:00:00+00:00,3633.398193359375
2020-02-13 00:00:00+00:00,3626.724609375
2020-02-14 00:00:00+00:00,3626.1474609375
2020-02-17 00:00:00+00:00,3626.640869140625
2020-02-18 00:00:00+00:00,3622.870849609375
2020-02-19 00:00:00+00:00,3628.770751953125
2020-02-20 00:00:00+00:00,3622.7607421875
2020-02-21 00:00:00+00:00,3631.360595703125
2020-02-24 00:00:00+00:00,3633.0390625
2020-02-25 00:00:00+00:00,3631.415283203125
2020-02-26 00:00:00+00:00,3639.84619140625
2020-02-27 00:00:00+00:00,3638.216552734375
2020-02-28 00:00:00+00:00,3668.763427734375
2020-03-02 00:00:00+00:00,3667.42578125
2020-03-03 00:00:00+00:00,3666.23681640625
2020-03-04 00:00:00+00:00,3660.25048828125
2020-03-05 00:00:00+00:00,3661.34619140625
2020-03-06 00:00:00+00:00,3667.396484375
2020-03-09 00:00:00+00:00,3670.4853515625
2020-03-10 00:00:00+00:00,3678.1025390625
2020-03-11 00:00:00+00:00,3672.06396484375
2020-03-12 00:00:00+00:00,3694.50732421875
2020-03-13 00:00:00+00:00,3671.000244140625
2020-03-16 00:00:00+00:00,3674.908447265625
2020-03-17 00:00:00+00:00,3701.92041015625
2020-03-18 00:00:00+00:00,3701.337890625
2020-03-19 00:00:00+00:00,3738.29052734375
2020-03-20 00:00:00+00:00,3773.19873046875
2020-03-23 00:00:00+00:00,3775.50830078125
2020-03-24 00:00:00+00:00,3812.64697265625
2020-03-25 00:00:00+00:00,3878.765380859375
2020-03-26 00:00:00+00:00,3856.4375
2020-03-27 00:00:00+00:00,3850.720458984375
2020-03-30 00:00:00+01:00,3730.78662109375
2020-03-31 00:00:00+01:00,3753.839599609375
2020-04-01 00:00:00+01:00,3755.701416015625
2020-04-02 00:00:00+01:00,3755.536865234375
2020-04-03 00:00:00+01:00,3765.33251953125
2020-04-06 00:00:00+01:00,3735.79248046875
2020-04-07 00:00:00+01:00,3723.24267578125
2020-04-08 00:00:00+01:00,3734.506591796875
2020-04-09 00:00:00+01:00,3764.38671875
2020-04-10 00:00:00+01:00,3742.686767578125
2020-04-13 00:00:00+01:00,3721.64990234375
2020-04-14 00:00:00+01:00,3711.406005859375
2020-04-15 00:00:00+01:00,3720.20166015625
2020-04-16 00:00:00+01:00,3714.4599609375
2020-04-17 00:00:00+01:00,3729.46337890625
2020-04-20 00:00:00+01:00,3720.092041015625
2020-04-21 00:00:00+01:00,3729.319091796875
2020-04-22 00:00:00+01:00,3739.69775390625
2020-04-23 00:00:00+01:00,3748.781005859375
2020-04-24 00:00:00+01:00,3745.0078125
2020-04-27 00:00:00+01:00,3764.00341796875
2020-04-28 00:00:00+01:00,3759.886474609375
2020-04-29 00:00:00+01:00,3762.396240234375
2020-04-30 00:00:00+01:00,3764.244873046875
2020-05-01 00:00:00+01:00,3758.8681640625
2020-05-04 00:00:00+01:00,3734.1103515625
2020-05-05 00:00:00+01:00,3758.036865234375
2020-05-06 00:00:00+01:00,3747.347900390625
2020-05-07 00:00:00+01:00,3761.014404296875
2020-05-08 00:00:00+01:00,3758.612548828125
2020-05-11 00:00:00+01:00,3758.819580078125
2020-05-12 00:00:00+01:00,3751.883544921875
2020-05-13 00:00:00+01:00,3750.70361328125
2020-05-14 00:00:00+01:00,3749.43603515625
2020-05-15 00:00:00+01:00,3747.83251953125
2020-05-18 00:00:00+01:00,3743.283935546875
2020-05-19 00:00:00+01:00,3749.109619140625
2020-05-20 00:00:00+01:00,3750.182373046875
2020-05-21 00:00:00+01:00,3747.815185546875
2020-05-22 00:00:00+01:00,3745.88671875
2020-05-25 00:00:00+01:00,3745.192626953125
2020-05-26 00:00:00+01:00,3749.48388671875
2020-05-27 00:00:00+01:00,3748.089111328125
2020-05-28 00:00:00+01:00,3744.62939453125
2020-05-29 00:00:00+01:00,3746.268310546875
2020-06-01 00:00:00+01:00,3737.781494140625
2020-06-02 00:00:00+01:00,3739.103515625
2020-06-03 00:00:00+01:00,3726.246337890625
2020-06-04 00:00:00+01:00,3727.30810546875
2020-06-05 00:00:00+01:00,3726.36279296875
2020-06-08 00:00:00+01:00,3690.08740234375
2020-06-09 00:00:00+01:00,3689.434814453125
2020-06-10 00:00:00+01:00,3691.581787109375
2020-06-11 00:00:00+01:00,3689.45361328125
2020-06-12 00:00:00+01:00,3696.12060546875
2020-06-15 00:00:00+01:00,3680.743408203125
2020-06-16 00:00:00+01:00,3686.2236328125
2020-06-17 00:00:00+01:00,3684.159423828125
2020-06-18 00:00:00+01:00,3684.159423828125
2020-06-19 00:00:00+01:00,3684.159423828125
2020-06-22 00:00:00+01:00,3683.588134765625
2020-06-23 00:00:00+01:00,3686.65576171875
2020-06-24 00:00:00+01:00,3706.646728515625
2020-06-25 00:00:00+01:00,3701.256103515625
2020-06-26 00:00:00+01:00,3699.72509765625
2020-06-29 00:00:00+01:00,3690.663818359375
2020-06-30 00:00:00+01:00,3690.853515625
2020-07-01 00:00:00+01:00,3688.232421875
2020-07-02 00:00:00+01:00,3687.463134765625
2020-07-03 00:00:00+01:00,3680.7802734375
2020-07-06 00:00:00+01:00,3679.841796875
2020-07-07 00:00:00+01:00,3680.15234375
2020-07-08 00:00:00+01:00,3677.10009765625
2020-07-09 00:00:00+01:00,3679.709228515625
2020-07-10 00:00:00+01:00,3665.0341796875
2020-07-13 00:00:00+01:00,3651.792724609375
2020-07-14 00:00:00+01:00,3665.5
2020-07-15 00:00:00+01:00,3660.6376953125
2020-07-16 00:00:00+01:00,3649.6376953125
2020-07-17 00:00:00+01:00,3652.73095703125
2020-07-20 00:00:00+01:00,3657.015869140625
2020-07-21 00:00:00+01:00,3662.033203125
2020-07-22 00:00:00+01:00,3655.42041015625
2020-07-23 00:00:00+01:00,3655.60546875
2020-07-24 00:00:00+01:00,3665.948486328125
2020-07-27 00:00:00+01:00,3654.855224609375
2020-07-28 00:00:00+01:00,3657.369384765625
2020-07-29 00:00:00+01:00,3654.283447265625
2020-07-30 00:00:00+01:00,3655.93603515625
2020-07-31 00:00:00+01:00,3647.118896484375
2020-08-03 00:00:00+01:00,3651.668212890625
2020-08-04 00:00:00+01:00,3644.0107421875
2020-08-05 00:00:00+01:00,3648.802001953125
2020-08-06 00:00:00+01:00,3648.10693359375
2020-08-07 00:00:00+01:00,3649.2373046875
2020-08-10 00:00:00+01:00,3657.43896484375
2020-08-11 00:00:00+01:00,3636.3095703125
2020-08-12 00:00:00+01:00,3633.068359375
2020-08-13 00:00:00+01:00,3637.930908203125
2020-08-14 00:00:00+01:00,3630.554931640625
2020-08-17 00:00:00+01:00,3631.915283203125
2020-08-18 00:00:00+01:00,3631.0703125
2020-08-19 00:00:00+01:00,3621.689697265625
2020-08-20 00:00:00+01:00,3636.28759765625
2020-08-21 00:00:00+01:00,3639.4140625
2020-08-24 00:00:00+01:00,3635.65478515625
2020-08-25 00:00:00+01:00,3634.7958984375
2020-08-26 00:00:00+01:00,3633.174072265625
2020-08-27 00:00:00+01:00,3636.756103515625
2020-08-28 00:00:00+01:00,3645.590576171875
2020-08-31 00:00:00+01:00,3638.5400390625
2020-09-01 00:00:00+01:00,3634.26025390625
2020-09-02 00:00:00+01:00,3640.055419921875
2020-09-03 00:00:00+01:00,3646.5634765625
2020-09-04 00:00:00+01:00,3648.92333984375
2020-09-07 00:00:00+01:00,3648.4287109375
2020-09-08 00:00:00+01:00,3649.924072265625
2020-09-09 00:00:00+01:00,3653.287841796875
2020-09-10 00:00:00+01:00,3650.451416015625
2020-09-11 00:00:00+01:00,3667.183349609375
2020-09-14 00:00:00+01:00,3662.615478515625
2020-09-15 00:00:00+01:00,3665.462158203125
2020-09-16 00:00:00+01:00,3663.148681640625
2020-09-17 00:00:00+01:00,3661.8603515625
2020-09-18 00:00:00+01:00,3656.232177734375
2020-09-21 00:00:00+01:00,3653.31201171875
2020-09-22 00:00:00+01:00,3653.593994140625
2020-09-23 00:00:00+01:00,3653.842041015625
2020-09-24 00:00:00+01:00,3659.540771484375
2020-09-25 00:00:00+01:00,3662.24755859375
2020-09-28 00:00:00+01:00,3664.904296875
2020-09-29 00:00:00+01:00,3665.85498046875
2020-09-30 00:00:00+01:00,3679.453125
2020-10-01 00:00:00+01:00,3677.91162109375
2020-10-02 00:00:00+01:00,3671.830078125
2020-10-05 00:00:00+01:00,3667.087890625
2020-10-06 00:00:00+01:00,3660.823974609375
2020-10-07 00:00:00+01:00,3653.411865234375
2020-10-08 00:00:00+01:00,3658.929443359375
2020-10-09 00:00:00+01:00,3666.21435546875
2020-10-12 00:00:00+01:00,3664.788330078125
2020-10-13 00:00:00+01:00,3665.506591796875
2020-10-14 00:00:00+01:00,3667.16845703125
2020-10-15 00:00:00+01:00,3671.551025390625
2020-10-16 00:00:00+01:00,3677.334716796875
2020-10-19 00:00:00+01:00,3685.685546875
2020-10-20 00:00:00+01:00,3703.794921875
2020-10-21 00:00:00+01:00,3691.962646484375
2020-10-22 00:00:00+01:00,3703.809814453125
2020-10-23 00:00:00+01:00,3695.962890625
2020-10-26 00:00:00+00:00,3689.4072265625
2020-10-27 00:00:00+00:00,3694.6123046875
2020-10-28 00:00:00+00:00,3690.65576171875
2020-10-29 00:00:00+00:00,3697.217529296875
2020-10-30 00:00:00+00:00,3712.498291015625
2020-11-02 00:00:00+00:00,3700.911865234375
2020-11-03 00:00:00+00:00,3696.785888671875
2020-11-04 00:00:00+00:00,3696.886962890625
2020-11-05 00:00:00+00:00,3696.829833984375
2020-11-06 00:00:00+00:00,3702.380126953125
2020-11-09 00:00:00+00:00,3675.48046875
2020-11-10 00:00:00+00:00,3664.7724609375
2020-11-11 00:00:00+00:00,3659.86181640625
2020-11-12 00:00:00+00:00,3662.65771484375
2020-11-13 00:00:00+00:00,3662.04345703125
2020-11-16 00:00:00+00:00,3658.705810546875
2020-11-17 00:00:00+00:00,3652.089599609375
2020-11-18 00:00:00+00:00,3662.927734375
2020-11-19 00:00:00+00:00,3678.764404296875
2020-11-20 00:00:00+00:00,3667.028564453125
2020-11-23 00:00:00+00:00,3667.42041015625
2020-11-24 00:00:00+00:00,3669.58837890625
2020-11-25 00:00:00+00:00,3667.151123046875
2020-11-26 00:00:00+00:00,3663.9736328125
2020-11-27 00:00:00+00:00,3662.59423828125
2020-11-30 00:00:00+00:00,3662.134765625
2020-12-01 00:00:00+00:00,3666.179931640625
2020-12-02 00:00:00+00:00,3663.262939453125
2020-12-03 00:00:00+00:00,3660.202880859375
2020-12-04 00:00:00+00:00,3653.763671875
2020-12-07 00:00:00+00:00,3643.22216796875
2020-12-08 00:00:00+00:00,3644.28466796875
2020-12-09 00:00:00+00:00,3640.80615234375
2020-12-10 00:00:00+00:00,3642.966552734375
2020-12-11 00:00:00+00:00,3648.302001953125
2020-12-14 00:00:00+00:00,3638.7490234375
2020-12-15 00:00:00+00:00,3633.8203125
2020-12-16 00:00:00+00:00,3629.00537109375
2020-12-17 00:00:00+00:00,3616.7177734375
2020-12-18 00:00:00+00:00,3623.518798828125
2020-12-21 00:00:00+00:00,3617.423828125
2020-12-22 00:00:00+00:00,3610.4150390625
2020-12-23 00:00:00+00:00,3613.91357421875
2020-12-24 00:00:00+00:00,3615.17822265625
2020-12-25 00:00:00+00:00,3608.814697265625
2020-12-28 00:00:00+00:00,3609.732421875
2020-12-29 00:00:00+00:00,3608.18408203125
2020-12-30 00:00:00+00:00,3607.578369140625
2020-12-31 00:00:00+00:00,3608.5625
2021-01-01 00:00:00+00:00,3618.60009765625
2021-01-04 00:00:00+00:00,3637.234375
2021-01-05 00:00:00+00:00,3641.67822265625
2021-01-06 00:00:00+00:00,3662.76513671875
2021-01-07 00:00:00+00:00,3655.972412109375
2021-01-08 00:00:00+00:00,3659.16162109375
2021-01-11 00:00:00+00:00,3671.983642578125
2021-01-12 00:00:00+00:00,3662.64013671875
2021-01-13 00:00:00+00:00,3677.128173828125
2021-01-14 00:00:00+00:00,3667.165283203125
2021-01-15 00:00:00+00:00,3663.366455078125
2021-01-18 00:00:00+00:00,3681.2783203125
2021-01-19 00:00:00+00:00,3648.27099609375
2021-01-20 00:00:00+00:00,3653.69873046875
2021-01-21 00:00:00+00:00,3657.769287109375
2021-01-22 00:00:00+00:00,3646.766357421875
2021-01-25 00:00:00+00:00,3651.779541015625
2021-01-26 00:00:00+00:00,3650.333984375
2021-01-27 00:00:00+00:00,3646.3583984375
2021-01-28 00:00:00+00:00,3638.562255859375
2021-01-29 00:00:00+00:00,3649.704345703125
2021-02-01 00:00:00+00:00,3643.42431640625
2021-02-02 00:00:00+00:00,3641.49365234375
2021-02-03 00:00:00+00:00,3633.85546875
2021-02-04 00:00:00+00:00,3634.781494140625
2021-02-05 00:00:00+00:00,3624.925048828125
2021-02-08 00:00:00+00:00,3627.5302734375
2021-02-09 00:00:00+00:00,3626.773193359375
2021-02-10 00:00:00+00:00,3631.766357421875
2021-02-11 00:00:00+00:00,3629.86669921875
2021-02-12 00:00:00+00:00,3627.481689453125
2021-02-15 00:00:00+00:00,3629.416748046875
2021-02-16 00:00:00+00:00,3624.78857421875
2021-02-17 00:00:00+00:00,3622.9501953125
2021-02-18 00:00:00+00:00,3622.999755859375
2021-02-19 00:00:00+00:00,3630.01318359375
2021-02-22 00:00:00+00:00,3636.911376953125
2021-02-23 00:00:00+00:00,3635.82421875
2021-02-24 00:00:00+00:00,3633.169677734375
2021-02-25 00:00:00+00:00,3630.176513671875
2021-02-26 00:00:00+00:00,3626.91162109375
2021-03-01 00:00:00+00:00,3626.800048828125
2021-03-02 00:00:00+00:00,3627.7431640625
2021-03-03 00:00:00+00:00,3623.59814453125
2021-03-04 00:00:00+00:00,3625.012451171875
2021-03-05 00:00:00+00:00,3618.504150390625
2021-03-08 00:00:00+00:00,3618.596923828125
2021-03-09 00:00:00+00:00,3625.596435546875
2021-03-10 00:00:00+00:00,3622.47119140625
2021-03-11 00:00:00+00:00,3622.143798828125
2021-03-12 00:00:00+00:00,3628.223876953125
2021-03-15 00:00:00+00:00,3616.17138671875
2021-03-16 00:00:00+00:00,3623.68896484375
2021-03-17 00:00:00+00:00,3627.45263671875
2021-03-18 00:00:00+00:00,3628.172119140625
2021-03-19 00:00:00+00:00,3628.951171875
2021-03-22 00:00:00+00:00,3630.803955078125
2021-03-23 00:00:00+00:00,3627.453369140625
2021-03-24 00:00:00+00:00,3621.056640625
2021-03-25 00:00:00+00:00,3627.535400390625
2021-03-26 00:00:00+00:00,3624.236572265625
2021-03-29 00:00:00+01:00,3621.502197265625
2021-03-30 00:00:00+01:00,3622.47900390625
2021-03-31 00:00:00+01:00,3621.56396484375
2021-04-01 00:00:00+01:00,3625.860107421875
2021-04-02 00:00:00+01:00,3625.115478515625
2021-04-05 00:00:00+01:00,3613.368896484375
2021-04-06 00:00:00+01:00,3620.749755859375
2021-04-07 00:00:00+01:00,3619.0556640625
2021-04-08 00:00:00+01:00,3611.791015625
2021-04-09 00:00:00+01:00,3608.935791015625
2021-04-12 00:00:00+01:00,3606.984375
2021-04-13 00:00:00+01:00,3600.5458984375
2021-04-14 00:00:00+01:00,3587.130126953125
2021-04-15 00:00:00+01:00,3563.60009765625
2021-04-16 00:00:00+01:00,3581.17041015625
2021-04-19 00:00:00+01:00,3582.920654296875
2021-04-20 00:00:00+01:00,3582.72265625
2021-04-21 00:00:00+01:00,3584.73974609375
2021-04-22 00:00:00+01:00,3574.55712890625
2021-04-23 00:00:00+01:00,3570.15478515625
2021-04-26 00:00:00+01:00,3553.9775390625
2021-04-27 00:00:00+01:00,3563.29345703125
2021-04-28 00:00:00+01:00,3568.66748046875
2021-04-29 00:00:00+01:00,3562.22509765625
2021-04-30 00:00:00+01:00,3547.0556640625
2021-05-03 00:00:00+01:00,3557.419189453125
2021-05-04 00:00:00+01:00,3532.572998046875
2021-05-05 00:00:00+01:00,3516.755126953125
2021-05-06 00:00:00+01:00,3524.868408203125
2021-05-07 00:00:00+01:00,3517.828857421875
2021-05-10 00:00:00+01:00,3493.2275390625
2021-05-11 00:00:00+01:00,3519.040771484375
2021-05-12 00:00:00+01:00,3511.13134765625
2021-05-13 00:00:00+01:00,3503.1953125
2021-05-14 00:00:00+01:00,3502.617431640625
2021-05-17 00:00:00+01:00,3497.540283203125
2021-05-18 00:00:00+01:00,3498.647705078125
2021-05-19 00:00:00+01:00,3495.982177734375
2021-05-20 00:00:00+01:00,3529.108154296875
2021-05-21 00:00:00+01:00,3521.56201171875
2021-05-24 00:00:00+01:00,3528.8291015625
2021-05-25 00:00:00+01:00,3519.6435546875
2021-05-26 00:00:00+01:00,3511.645263671875
2021-05-27 00:00:00+01:00,3513.0849609375
2021-05-28 00:00:00+01:00,3513.347412109375
2021-05-31 00:00:00+01:00,3509.239990234375
2021-06-01 00:00:00+01:00,3509.4326171875
2021-06-02 00:00:00+01:00,3510.669677734375
2021-06-03 00:00:00+01:00,3508.188232421875
2021-06-04 00:00:00+01:00,3507.747314453125
2021-06-07 00:00:00+01:00,3507.16259765625
2021-06-08 00:00:00+01:00,3500.67041015625
2021-06-09 00:00:00+01:00,3491.65185546875
2021-06-10 00:00:00+01:00,3484.84716796875
2021-06-11 00:00:00+01:00,3480.379150390625
2021-06-14 00:00:00+01:00,3487.789794921875
2021-06-15 00:00:00+01:00,3488.748291015625
2021-06-16 00:00:00+01:00,3487.63525390625
2021-06-17 00:00:00+01:00,3489.98046875
2021-06-18 00:00:00+01:00,3495.994140625
2021-06-21 00:00:00+01:00,3497.80712890625
2021-06-22 00:00:00+01:00,3505.0185546875
2021-06-23 00:00:00+01:00,3516.791259765625
2021-06-24 00:00:00+01:00,3516.814697265625
2021-06-25 00:00:00+01:00,3516.76220703125
2021-06-28 00:00:00+01:00,3518.8642578125
2021-06-29 00:00:00+01:00,3519.098876953125
2021-06-30 00:00:00+01:00,3515.2529296875
2021-07-01 00:00:00+01:00,3523.546630859375
2021-07-02 00:00:00+01:00,3524.27099609375
2021-07-05 00:00:00+01:00,3510.745849609375
2021-07-06 00:00:00+01:00,3526.767333984375
2021-07-07 00:00:00+01:00,3526.937744140625
2021-07-08 00:00:00+01:00,3521.40087890625
2021-07-09 00:00:00+01:00,3507.75439453125
2021-07-12 00:00:00+01:00,3501.13671875
2021-07-13 00:00:00+01:00,3505.98388671875
2021-07-14 00:00:00+01:00,3503.49609375
2021-07-15 00:00:00+01:00,3500.20751953125
2021-07-16 00:00:00+01:00,3513.5546875
2021-07-19 00:00:00+01:00,3515.933349609375
2021-07-20 00:00:00+01:00,3515.624755859375
2021-07-21 00:00:00+01:00,3522.2265625
2021-07-22 00:00:00+01:00,3516.26611328125
2021-07-23 00:00:00+01:00,3511.181640625
2021-07-26 00:00:00+01:00,3501.482421875
2021-07-27 00:00:00+01:00,3507.14111328125
2021-07-28 00:00:00+01:00,3519.283447265625
2021-07-29 00:00:00+01:00,3511.974853515625
2021-07-30 00:00:00+01:00,3511.66064453125
2021-08-02 00:00:00+01:00,3514.926025390625
2021-08-03 00:00:00+01:00,3511.974853515625
2021-08-04 00:00:00+01:00,3514.161376953125
2021-08-05 00:00:00+01:00,3510.985595703125
2021-08-06 00:00:00+01:00,3502.642578125
2021-08-09 00:00:00+01:00,3509.368408203125
2021-08-10 00:00:00+01:00,3496.001953125
2021-08-11 00:00:00+01:00,3494.404541015625
2021-08-12 00:00:00+01:00,3492.251953125
2021-08-13 00:00:00+01:00,3495.91064453125
2021-08-16 00:00:00+01:00,3501.123291015625
2021-08-17 00:00:00+01:00,3496.75341796875
2021-08-18 00:00:00+01:00,3494.01025390625
2021-08-19 00:00:00+01:00,3491.583740234375
2021-08-20 00:00:00+01:00,3495.32568359375
2021-08-23 00:00:00+01:00,3491.5791015625
2021-08-24 00:00:00+01:00,3497.051513671875
2021-08-25 00:00:00+01:00,3496.318359375
2021-08-26 00:00:00+01:00,3497.4775390625
2021-08-27 00:00:00+01:00,3496.6708984375
2021-08-30 00:00:00+01:00,3495.51220703125
2021-08-31 00:00:00+01:00,3497.954833984375
2021-09-01 00:00:00+01:00,3494.264404296875
2021-09-02 00:00:00+01:00,3497.0283203125
2021-09-03 00:00:00+01:00,3492.872314453125
2021-09-06 00:00:00+01:00,3481.135498046875
2021-09-07 00:00:00+01:00,3484.966552734375
2021-09-08 00:00:00+01:00,3488.440673828125
2021-09-09 00:00:00+01:00,3491.537109375
2021-09-10 00:00:00+01:00,3492.812255859375
2021-09-13 00:00:00+01:00,3486.41455078125
2021-09-14 00:00:00+01:00,3486.564208984375
2021-09-15 00:00:00+01:00,3490.15625
2021-09-16 00:00:00+01:00,3491.69189453125
2021-09-17 00:00:00+01:00,3491.084228515625
2021-09-20 00:00:00+01:00,3493.7861328125
2021-09-21 00:00:00+01:00,3499.50244140625
2021-09-22 00:00:00+01:00,3498.447021484375
2021-09-23 00:00:00+01:00,3499.147705078125
2021-09-24 00:00:00+01:00,3487.548095703125
2021-09-27 00:00:00+01:00,3491.149169921875
2021-09-28 00:00:00+01:00,3487.085693359375
2021-09-29 00:00:00+01:00,3488.44384765625
2021-09-30 00:00:00+01:00,3498.88916015625
2021-10-01 00:00:00+01:00,3521.23681640625
2021-10-04 00:00:00+01:00,3500.30859375
2021-10-05 00:00:00+01:00,3521.10546875
2021-10-06 00:00:00+01:00,3520.06005859375
2021-10-07 00:00:00+01:00,3520.27978515625
2021-10-08 00:00:00+01:00,3530.856689453125
2021-10-11 00:00:00+01:00,3540.14501953125
2021-10-12 00:00:00+01:00,3556.429931640625
2021-10-13 00:00:00+01:00,3557.848388671875
2021-10-14 00:00:00+01:00,3556.42431640625
2021-10-15 00:00:00+01:00,3570.466064453125
2021-10-18 00:00:00+01:00,3571.917724609375
2021-10-19 00:00:00+01:00,3580.97705078125
2021-10-20 00:00:00+01:00,3590.601318359375
2021-10-21 00:00:00+01:00,3567.078857421875
2021-10-22 00:00:00+01:00,3550.962646484375
2021-10-25 00:00:00+01:00,3528.70458984375
2021-10-26 00:00:00+01:00,3528.202392578125
2021-10-27 00:00:00+01:00,3518.095458984375
2021-10-28 00:00:00+01:00,3513.5751953125
2021-10-29 00:00:00+01:00,3515.9013671875
2021-11-01 00:00:00+00:00,3516.173095703125
2021-11-02 00:00:00+00:00,3517.22509765625
2021-11-03 00:00:00+00:00,3515.103515625
2021-11-04 00:00:00+00:00,3513.9345703125
2021-11-05 00:00:00+00:00,3514.444580078125
2021-11-08 00:00:00+00:00,3513.88720703125
2021-11-09 00:00:00+00:00,3502.8779296875
2021-11-10 00:00:00+00:00,3495.947998046875
2021-11-11 00:00:00+00:00,3498.636474609375
2021-11-12 00:00:00+00:00,3489.08544921875
2021-11-15 00:00:00+00:00,3491.4326171875
2021-11-16 00:00:00+00:00,3490.802978515625
2021-11-17 00:00:00+00:00,3495.638427734375
2021-11-18 00:00:00+00:00,3512.37646484375
2021-11-19 00:00:00+00:00,3540.352783203125
2021-11-22 00:00:00+00:00,3533.041259765625
2021-11-23 00:00:00+00:00,3530.68994140625
2021-11-24 00:00:00+00:00,3529.040283203125
2021-11-25 00:00:00+00:00,3531.63037109375
2021-11-26 00:00:00+00:00,3517.02001953125
2021-11-29 00:00:00+00:00,3523.3037109375
2021-11-30 00:00:00+00:00,3525.52001953125
2021-12-01 00:00:00+00:00,3525.451171875
2021-12-02 00:00:00+00:00,3524.061767578125
2021-12-03 00:00:00+00:00,3526.537109375
2021-12-06 00:00:00+00:00,3523.19921875
2021-12-07 00:00:00+00:00,3529.453369140625
2021-12-08 00:00:00+00:00,3530.624267578125
2021-12-09 00:00:00+00:00,3530.205078125
2021-12-10 00:00:00+00:00,3524.193115234375
2021-12-13 00:00:00+00:00,3503.402587890625
2021-12-14 00:00:00+00:00,3520.270263671875
2021-12-15 00:00:00+00:00,3521.6962890625
2021-12-16 00:00:00+00:00,3524.990966796875
2021-12-17 00:00:00+00:00,3522.502197265625
2021-12-20 00:00:00+00:00,3539.6796875
2021-12-21 00:00:00+00:00,3505.017333984375
2021-12-22 00:00:00+00:00,3507.6171875
2021-12-23 00:00:00+00:00,3510.127197265625
2021-12-24 00:00:00+00:00,3502.043212890625
2021-12-27 00:00:00+00:00,3499.713134765625
2021-12-28 00:00:00+00:00,3506.169677734375
2021-12-29 00:00:00+00:00,3500.4677734375
2021-12-30 00:00:00+00:00,3501.68212890625
2021-12-31 00:00:00+00:00,3504.225830078125
2022-01-03 00:00:00+00:00,3505.955322265625
2022-01-04 00:00:00+00:00,3506.673095703125
2022-01-05 00:00:00+00:00,3501.675537109375
2022-01-06 00:00:00+00:00,3501.08251953125
2022-01-07 00:00:00+00:00,3503.4541015625
2022-01-10 00:00:00+00:00,3487.966796875
2022-01-11 00:00:00+00:00,3490.30029296875
2022-01-12 00:00:00+00:00,3489.731689453125
2022-01-13 00:00:00+00:00,3486.66650390625
2022-01-14 00:00:00+00:00,3488.054443359375
2022-01-17 00:00:00+00:00,3484.70556640625
2022-01-18 00:00:00+00:00,3485.2958984375
2022-01-19 00:00:00+00:00,3487.125
2022-01-20 00:00:00+00:00,3480.642578125
2022-01-21 00:00:00+00:00,3481.037109375
2022-01-24 00:00:00+00:00,3481.16650390625
2022-01-25 00:00:00+00:00,3487.120849609375
2022-01-26 00:00:00+00:00,3484.744384765625
2022-01-27 00:00:00+00:00,3485.19970703125
2022-01-28 00:00:00+00:00,3484.947509765625
2022-01-31 00:00:00+00:00,3464.5810546875
2022-02-01 00:00:00+00:00,3467.373046875
2022-02-02 00:00:00+00:00,3457.570068359375
2022-02-03 00:00:00+00:00,3455.330322265625
2022-02-04 00:00:00+00:00,3451.772705078125
2022-02-07 00:00:00+00:00,3466.88623046875
2022-02-08 00:00:00+00:00,3464.954345703125
2022-02-09 00:00:00+00:00,3475.623779296875
2022-02-10 00:00:00+00:00,3485.89990234375
2022-02-11 00:00:00+00:00,3492.697998046875
2022-02-14 00:00:00+00:00,3496.427001953125
2022-02-15 00:00:00+00:00,3477.67626953125
2022-02-16 00:00:00+00:00,3472.80859375
2022-02-17 00:00:00+00:00,3479.288330078125
2022-02-18 00:00:00+00:00,3468.412353515625
2022-02-21 00:00:00+00:00,3470.5498046875
2022-02-22 00:00:00+00:00,3475.126953125
2022-02-23 00:00:00+00:00,3476.720703125
2022-02-24 00:00:00+00:00,3472.93603515625
2022-02-25 00:00:00+00:00,3487.8828125
2022-02-28 00:00:00+00:00,3480.91943359375
2022-03-01 00:00:00+00:00,3509.202880859375
2022-03-02 00:00:00+00:00,3488.65283203125
2022-03-03 00:00:00+00:00,3503.478759765625
2022-03-04 00:00:00+00:00,3527.98193359375
2022-03-07 00:00:00+00:00,3555.9501953125
2022-03-08 00:00:00+00:00,3566.918212890625
2022-03-09 00:00:00+00:00,3561.30615234375
2022-03-10 00:00:00+00:00,3582.291015625
2022-03-11 00:00:00+00:00,3578.869140625
2022-03-14 00:00:00+00:00,3567.77001953125
2022-03-15 00:00:00+00:00,3558.515869140625
2022-03-16 00:00:00+00:00,3551.5302734375
2022-03-17 00:00:00+00:00,3547.752197265625
2022-03-18 00:00:00+00:00,3544.0
2022-03-21 00:00:00+00:00,3542.519775390625
2022-03-22 00:00:00+00:00,3544.445068359375
2022-03-23 00:00:00+00:00,3548.9619140625
2022-03-24 00:00:00+00:00,3573.12548828125
2022-03-25 00:00:00+00:00,3563.772216796875
2022-03-28 00:00:00+01:00,3570.050048828125
2022-03-29 00:00:00+01:00,3552.753662109375
2022-03-30 00:00:00+01:00,3552.430908203125
2022-03-31 00:00:00+01:00,3553.52490234375
2022-04-01 00:00:00+01:00,3540.182373046875
2022-04-04 00:00:00+01:00,3540.806640625
2022-04-05 00:00:00+01:00,3513.108154296875
2022-04-06 00:00:00+01:00,3508.40576171875
2022-04-07 00:00:00+01:00,3518.238525390625
2022-04-08 00:00:00+01:00,3503.28125
2022-04-11 00:00:00+01:00,3505.091064453125
2022-04-12 00:00:00+01:00,3496.99609375
2022-04-13 00:00:00+01:00,3479.005126953125
2022-04-14 00:00:00+01:00,3476.699462890625
2022-04-15 00:00:00+01:00,3479.75244140625
2022-04-18 00:00:00+01:00,3509.641845703125
2022-04-19 00:00:00+01:00,3512.387451171875
2022-04-20 00:00:00+01:00,3479.83642578125
2022-04-21 00:00:00+01:00,3494.8916015625
2022-04-22 00:00:00+01:00,3508.1455078125
2022-04-25 00:00:00+01:00,3490.7802734375
2022-04-26 00:00:00+01:00,3483.09375
2022-04-27 00:00:00+01:00,3506.388916015625
2022-04-28 00:00:00+01:00,3520.4345703125
2022-04-29 00:00:00+01:00,3505.2919921875
2022-05-02 00:00:00+01:00,3512.38525390625
2022-05-03 00:00:00+01:00,3513.718994140625
2022-05-04 00:00:00+01:00,3481.81640625
2022-05-05 00:00:00+01:00,3509.090087890625
2022-05-06 00:00:00+01:00,3507.588134765625
2022-05-09 00:00:00+01:00,3519.1025390625
2022-05-10 00:00:00+01:00,3540.483154296875
2022-05-11 00:00:00+01:00,3539.25244140625
2022-05-12 00:00:00+01:00,3545.17578125
2022-05-13 00:00:00+01:00,3558.83984375
2022-05-16 00:00:00+01:00,3560.16015625
2022-05-17 00:00:00+01:00,3580.945068359375
2022-05-18 00:00:00+01:00,3624.6953125
2022-05-19 00:00:00+01:00,3621.65185546875
2022-05-20 00:00:00+01:00,3607.35986328125
2022-05-23 00:00:00+01:00,3605.51611328125
2022-05-24 00:00:00+01:00,3615.669921875
2022-05-25 00:00:00+01:00,3617.583740234375
2022-05-26 00:00:00+01:00,3638.256103515625
2022-05-27 00:00:00+01:00,3654.81005859375
2022-05-30 00:00:00+01:00,3670.526123046875
2022-05-31 00:00:00+01:00,3704.658935546875
2022-06-01 00:00:00+01:00,3735.20556640625
2022-06-02 00:00:00+01:00,3757.358154296875
2022-06-03 00:00:00+01:00,3713.883544921875
2022-06-06 00:00:00+01:00,3703.8349609375
2022-06-07 00:00:00+01:00,3708.416748046875
2022-06-08 00:00:00+01:00,3698.1962890625
2022-06-09 00:00:00+01:00,3681.72705078125
2022-06-10 00:00:00+01:00,3683.44921875
2022-06-13 00:00:00+01:00,3673.7021484375
2022-06-14 00:00:00+01:00,3693.535400390625
2022-06-15 00:00:00+01:00,3711.23046875
2022-06-16 00:00:00+01:00,3721.25634765625
2022-06-17 00:00:00+01:00,3728.5283203125
2022-06-20 00:00:00+01:00,3704.73388671875
2022-06-21 00:00:00+01:00,3688.780029296875
2022-06-22 00:00:00+01:00,3687.347900390625
2022-06-23 00:00:00+01:00,3701.672607421875
2022-06-24 00:00:00+01:00,3723.561279296875
2022-06-27 00:00:00+01:00,3713.953369140625
2022-06-28 00:00:00+01:00,3708.43212890625
2022-06-29 00:00:00+01:00,3720.04638671875
2022-06-30 00:00:00+01:00,3715.0537109375
2022-07-01 00:00:00+01:00,3708.923095703125
2022-07-04 00:00:00+01:00,3701.00732421875
2022-07-05 00:00:00+01:00,3706.389404296875
2022-07-06 00:00:00+01:00,3670.91552734375
2022-07-07 00:00:00+01:00,3716.583984375
2022-07-08 00:00:00+01:00,3720.36669921875
2022-07-11 00:00:00+01:00,3696.7109375
2022-07-12 00:00:00+01:00,3731.17919921875
2022-07-13 00:00:00+01:00,3733.693603515625
2022-07-14 00:00:00+01:00,3730.270751953125
2022-07-15 00:00:00+01:00,3720.41943359375
2022-07-18 00:00:00+01:00,3719.30517578125
2022-07-19 00:00:00+01:00,3742.369873046875
2022-07-20 00:00:00+01:00,3749.15966796875
2022-07-21 00:00:00+01:00,3756.94287109375
2022-07-22 00:00:00+01:00,3779.3955078125
2022-07-25 00:00:00+01:00,3767.40087890625
2022-07-26 00:00:00+01:00,3802.369873046875
2022-07-27 00:00:00+01:00,3800.321044921875
2022-07-28 00:00:00+01:00,3830.754150390625
2022-07-29 00:00:00+01:00,3834.0546875
2022-08-01 00:00:00+01:00,3821.766357421875
2022-08-02 00:00:00+01:00,3822.562255859375
2022-08-03 00:00:00+01:00,3832.211181640625
2022-08-04 00:00:00+01:00,3833.727294921875
2022-08-05 00:00:00+01:00,3840.901611328125
2022-08-08 00:00:00+01:00,3855.84521484375
2022-08-09 00:00:00+01:00,3830.058349609375
2022-08-10 00:00:00+01:00,3830.403076171875
2022-08-11 00:00:00+01:00,3823.083984375
2022-08-12 00:00:00+01:00,3770.601318359375
2022-08-15 00:00:00+01:00,3725.554931640625
2022-08-16 00:00:00+01:00,3713.91748046875
2022-08-17 00:00:00+01:00,3735.02001953125
2022-08-18 00:00:00+01:00,3738.553955078125
2022-08-19 00:00:00+01:00,3785.3642578125
2022-08-22 00:00:00+01:00,3806.30859375
2022-08-23 00:00:00+01:00,3809.752197265625
2022-08-24 00:00:00+01:00,3800.04638671875
2022-08-25 00:00:00+01:00,3762.85693359375
2022-08-26 00:00:00+01:00,3742.962158203125
2022-08-29 00:00:00+01:00,3779.03759765625
2022-08-30 00:00:00+01:00,3791.62646484375
2022-08-31 00:00:00+01:00,3768.794189453125
2022-09-01 00:00:00+01:00,3751.307861328125
2022-09-02 00:00:00+01:00,3761.544921875
2022-09-05 00:00:00+01:00,3770.83447265625
2022-09-06 00:00:00+01:00,3781.658935546875
2022-09-07 00:00:00+01:00,3767.27978515625
2022-09-08 00:00:00+01:00,3765.950927734375
2022-09-09 00:00:00+01:00,3773.98828125
2022-09-12 00:00:00+01:00,3741.1474609375
2022-09-13 00:00:00+01:00,3769.4501953125
2022-09-14 00:00:00+01:00,3761.794921875
2022-09-15 00:00:00+01:00,3769.49755859375
2022-09-16 00:00:00+01:00,3763.202392578125
2022-09-19 00:00:00+01:00,3720.1337890625
2022-09-20 00:00:00+01:00,3772.317138671875
2022-09-21 00:00:00+01:00,3771.967529296875
2022-09-22 00:00:00+01:00,3776.50244140625
2022-09-23 00:00:00+01:00,3784.533935546875
2022-09-26 00:00:00+01:00,3800.712158203125
2022-09-27 00:00:00+01:00,3794.37255859375
2022-09-28 00:00:00+01:00,3806.82763671875
2022-09-29 00:00:00+01:00,3836.072265625
2022-09-30 00:00:00+01:00,3814.686767578125
2022-10-03 00:00:00+01:00,3806.805419921875
2022-10-04 00:00:00+01:00,3792.89892578125
2022-10-05 00:00:00+01:00,3787.233642578125
2022-10-06 00:00:00+01:00,3788.23876953125
2022-10-07 00:00:00+01:00,3778.302001953125
2022-10-10 00:00:00+01:00,3794.662841796875
2022-10-11 00:00:00+01:00,3780.84814453125
2022-10-12 00:00:00+01:00,3787.181396484375
2022-10-13 00:00:00+01:00,3789.27001953125
2022-10-14 00:00:00+01:00,3783.65869140625
2022-10-17 00:00:00+01:00,3787.336181640625
2022-10-18 00:00:00+01:00,3784.52978515625
2022-10-19 00:00:00+01:00,3777.401123046875
2022-10-20 00:00:00+01:00,3769.677978515625
2022-10-21 00:00:00+01:00,3755.756103515625
2022-10-24 00:00:00+01:00,3726.548095703125
2022-10-25 00:00:00+01:00,3750.626708984375
2022-10-26 00:00:00+01:00,3769.81982421875
2022-10-27 00:00:00+01:00,3767.98583984375
2022-10-28 00:00:00+01:00,3770.409423828125
2022-10-31 00:00:00+00:00,3762.348388671875
2022-11-01 00:00:00+00:00,3756.63916015625
2022-11-02 00:00:00+00:00,3739.75390625
2022-11-03 00:00:00+00:00,3727.839599609375
2022-11-04 00:00:00+00:00,3741.06396484375
2022-11-07 00:00:00+00:00,3695.46142578125
2022-11-08 00:00:00+00:00,3735.0458984375
2022-11-09 00:00:00+00:00,3734.449462890625
2022-11-10 00:00:00+00:00,3729.6748046875
2022-11-11 00:00:00+00:00,3733.20068359375
2022-11-14 00:00:00+00:00,3691.78125
2022-11-15 00:00:00+00:00,3713.140625
2022-11-16 00:00:00+00:00,3713.908203125
2022-11-17 00:00:00+00:00,3706.515869140625
2022-11-18 00:00:00+00:00,3695.569091796875
2022-11-21 00:00:00+00:00,3688.6240234375
2022-11-22 00:00:00+00:00,3704.8369140625
2022-11-23 00:00:00+00:00,3703.177001953125
2022-11-24 00:00:00+00:00,3697.023681640625
2022-11-25 00:00:00+00:00,3695.94482421875
2022-11-28 00:00:00+00:00,3695.32275390625
2022-11-29 00:00:00+00:00,3695.170166015625
2022-11-30 00:00:00+00:00,3698.169189453125
2022-12-01 00:00:00+00:00,3700.408203125
2022-12-02 00:00:00+00:00,3695.791748046875
2022-12-05 00:00:00+00:00,3687.30712890625
2022-12-06 00:00:00+00:00,3676.339111328125
2022-12-07 00:00:00+00:00,3657.561279296875
2022-12-08 00:00:00+00:00,3648.34716796875
2022-12-09 00:00:00+00:00,3644.762939453125
2022-12-12 00:00:00+00:00,3649.93115234375
2022-12-13 00:00:00+00:00,3650.15625
2022-12-14 00:00:00+00:00,3651.615966796875
2022-12-15 00:00:00+00:00,3654.4658203125
2022-12-16 00:00:00+00:00,3643.4951171875
2022-12-19 00:00:00+00:00,3629.88818359375
2022-12-20 00:00:00+00:00,3609.89306640625
2022-12-21 00:00:00+00:00,3604.536865234375
2022-12-22 00:00:00+00:00,3598.759521484375
2022-12-23 00:00:00+00:00,3597.60595703125
2022-12-26 00:00:00+00:00,3596.66552734375
2022-12-27 00:00:00+00:00,3596.49609375
2022-12-28 00:00:00+00:00,3644.267822265625
2022-12-29 00:00:00+00:00,3692.262939453125
2022-12-30 00:00:00+00:00,3671.56884765625
2023-01-02 00:00:00+00:00,3678.065185546875
2023-01-03 00:00:00+00:00,3684.26220703125
2023-01-04 00:00:00+00:00,3686.18505859375
2023-01-05 00:00:00+00:00,3688.524658203125
2023-01-06 00:00:00+00:00,3689.37890625
2023-01-09 00:00:00+00:00,3670.263671875
2023-01-10 00:00:00+00:00,3665.06494140625
2023-01-11 00:00:00+00:00,3665.0185546875
2023-01-12 00:00:00+00:00,3648.05859375
2023-01-13 00:00:00+00:00,3643.1298828125
2023-01-16 00:00:00+00:00,3616.168212890625
2023-01-17 00:00:00+00:00,3633.55078125
2023-01-18 00:00:00+00:00,3641.655517578125
2023-01-19 00:00:00+00:00,3633.99462890625
2023-01-20 00:00:00+00:00,3638.421630859375
2023-01-23 00:00:00+00:00,3635.77587890625
2023-01-24 00:00:00+00:00,3636.087646484375
2023-01-25 00:00:00+00:00,3633.644775390625
2023-01-26 00:00:00+00:00,3643.936767578125
2023-01-27 00:00:00+00:00,3641.896484375
2023-01-30 00:00:00+00:00,3645.46826171875
2023-01-31 00:00:00+00:00,3645.73876953125
2023-02-01 00:00:00+00:00,3646.388916015625
2023-02-02 00:00:00+00:00,3643.43212890625
2023-02-03 00:00:00+00:00,3642.78515625
2023-02-06 00:00:00+00:00,3676.6865234375
2023-02-07 00:00:00+00:00,3631.95751953125
2023-02-08 00:00:00+00:00,3632.025146484375
2023-02-09 00:00:00+00:00,3626.409423828125
2023-02-10 00:00:00+00:00,3622.067626953125
2023-02-13 00:00:00+00:00,3621.583740234375
2023-02-14 00:00:00+00:00,3621.162109375
2023-02-15 00:00:00+00:00,3620.316162109375
2023-02-16 00:00:00+00:00,3636.397705078125
2023-02-17 00:00:00+00:00,3627.821044921875
2023-02-20 00:00:00+00:00,3607.149658203125
2023-02-21 00:00:00+00:00,3635.716796875
2023-02-22 00:00:00+00:00,3650.602783203125
2023-02-23 00:00:00+00:00,3665.914306640625
2023-02-24 00:00:00+00:00,3681.756591796875
2023-02-27 00:00:00+00:00,3675.310546875
2023-02-28 00:00:00+00:00,3680.42333984375
2023-03-01 00:00:00+00:00,3681.8125
2023-03-02 00:00:00+00:00,3677.581298828125
2023-03-03 00:00:00+00:00,3674.35107421875
2023-03-06 00:00:00+00:00,3668.59228515625
2023-03-07 00:00:00+00:00,3663.189453125
2023-03-08 00:00:00+00:00,3658.725341796875
2023-03-09 00:00:00+00:00,3662.412841796875
2023-03-10 00:00:00+00:00,3669.9853515625
2023-03-13 00:00:00+00:00,3656.439453125
2023-03-14 00:00:00+00:00,3680.083251953125
2023-03-15 00:00:00+00:00,3696.418212890625
2023-03-16 00:00:00+00:00,3706.47021484375
2023-03-17 00:00:00+00:00,3707.2646484375
2023-03-20 00:00:00+00:00,3652.891845703125
2023-03-21 00:00:00+00:00,3719.9267578125
2023-03-22 00:00:00+00:00,3719.26904296875
2023-03-23 00:00:00+00:00,3733.47900390625
2023-03-24 00:00:00+00:00,3728.67041015625
2023-03-27 00:00:00+01:00,3734.014404296875
2023-03-28 00:00:00+01:00,3729.02587890625
2023-03-29 00:00:00+01:00,3727.3671875
2023-03-30 00:00:00+01:00,3747.749755859375
2023-03-31 00:00:00+01:00,3744.426513671875
2023-04-03 00:00:00+01:00,3720.874755859375
2023-04-04 00:00:00+01:00,3735.67724609375
2023-04-05 00:00:00+01:00,3741.09423828125
2023-04-06 00:00:00+01:00,3731.773193359375
2023-04-07 00:00:00+01:00,3700.478515625
2023-04-10 00:00:00+01:00,3675.380859375
2023-04-11 00:00:00+01:00,3705.265380859375
2023-04-12 00:00:00+01:00,3690.27001953125
2023-04-13 00:00:00+01:00,3698.00830078125
2023-04-14 00:00:00+01:00,3688.355224609375
2023-04-17 00:00:00+01:00,3674.18603515625
2023-04-18 00:00:00+01:00,3697.4453125
2023-04-19 00:00:00+01:00,3703.416748046875
2023-04-20 00:00:00+01:00,3701.467529296875
2023-04-21 00:00:00+01:00,3695.686767578125
2023-04-24 00:00:00+01:00,3697.171142578125
2023-04-25 00:00:00+01:00,3689.42578125
2023-04-26 00:00:00+01:00,3703.8212890625
2023-04-27 00:00:00+01:00,3721.553955078125
2023-04-28 00:00:00+01:00,3718.357177734375
2023-05-01 00:00:00+01:00,3694.229248046875
2023-05-02 00:00:00+01:00,3687.029541015625
2023-05-03 00:00:00+01:00,3693.7294921875
2023-05-04 00:00:00+01:00,3682.660400390625
2023-05-05 00:00:00+01:00,3680.504638671875
2023-05-08 00:00:00+01:00,3678.961669921875
2023-05-09 00:00:00+01:00,3683.991455078125
2023-05-10 00:00:00+01:00,3691.1162109375
2023-05-11 00:00:00+01:00,3678.599853515625
2023-05-12 00:00:00+01:00,3682.6884765625
2023-05-15 00:00:00+01:00,3669.27197265625
2023-05-16 00:00:00+01:00,3681.737548828125
2023-05-17 00:00:00+01:00,3680.570556640625
2023-05-18 00:00:00+01:00,3682.19921875
2023-05-19 00:00:00+01:00,3686.508056640625
2023-05-22 00:00:00+01:00,3673.48828125
2023-05-23 00:00:00+01:00,3683.896728515625
2023-05-24 00:00:00+01:00,3686.87109375
2023-05-25 00:00:00+01:00,3681.203857421875
2023-05-26 00:00:00+01:00,3687.2158203125
2023-05-29 00:00:00+01:00,3693.3779296875
2023-05-30 00:00:00+01:00,3696.82666015625
2023-05-31 00:00:00+01:00,3722.73291015625
2023-06-01 00:00:00+01:00,3736.716552734375
2023-06-02 00:00:00+01:00,3707.627685546875
2023-06-05 00:00:00+01:00,3712.30126953125
2023-06-06 00:00:00+01:00,3686.537109375
2023-06-07 00:00:00+01:00,3700.672119140625
2023-06-08 00:00:00+01:00,3691.489501953125
2023-06-09 00:00:00+01:00,3680.18115234375
2023-06-12 00:00:00+01:00,3676.559326171875
2023-06-13 00:00:00+01:00,3682.22900390625
2023-06-14 00:00:00+01:00,3680.043701171875
2023-06-15 00:00:00+01:00,3668.16259765625
2023-06-16 00:00:00+01:00,3651.080078125
2023-06-19 00:00:00+01:00,3633.21337890625
2023-06-20 00:00:00+01:00,3658.08984375
2023-06-21 00:00:00+01:00,3664.361083984375
2023-06-22 00:00:00+01:00,3663.17138671875
2023-06-23 00:00:00+01:00,3649.44921875
2023-06-26 00:00:00+01:00,3611.174560546875
2023-06-27 00:00:00+01:00,3637.09716796875
2023-06-28 00:00:00+01:00,3635.234375
2023-06-29 00:00:00+01:00,3637.741943359375
2023-06-30 00:00:00+01:00,3623.171875
2023-07-03 00:00:00+01:00,3605.071533203125
2023-07-04 00:00:00+01:00,3630.09375
2023-07-05 00:00:00+01:00,3650.586669921875
2023-07-06 00:00:00+01:00,3655.578125
2023-07-07 00:00:00+01:00,3652.632568359375
2023-07-10 00:00:00+01:00,3625.597900390625
2023-07-11 00:00:00+01:00,3649.471923828125
2023-07-12 00:00:00+01:00,3644.96826171875
2023-07-13 00:00:00+01:00,3593.06201171875
2023-07-14 00:00:00+01:00,3629.025146484375
2023-07-17 00:00:00+01:00,3619.149169921875
2023-07-18 00:00:00+01:00,3623.336669921875
2023-07-19 00:00:00+01:00,3626.29833984375
2023-07-20 00:00:00+01:00,3626.03515625
2023-07-21 00:00:00+01:00,3605.36474609375
2023-07-24 00:00:00+01:00,3598.472900390625
2023-07-25 00:00:00+01:00,3602.304931640625
2023-07-26 00:00:00+01:00,3610.92236328125
2023-07-27 00:00:00+01:00,3583.051513671875
2023-07-28 00:00:00+01:00,3572.83984375
2023-07-31 00:00:00+01:00,3560.00537109375
2023-08-01 00:00:00+01:00,3576.560546875
2023-08-02 00:00:00+01:00,3588.99609375
2023-08-03 00:00:00+01:00,3589.067626953125
2023-08-04 00:00:00+01:00,3562.2548828125
2023-08-07 00:00:00+01:00,3546.073486328125
2023-08-08 00:00:00+01:00,3570.2900390625
2023-08-09 00:00:00+01:00,3577.752197265625
2023-08-10 00:00:00+01:00,3614.479736328125
2023-08-11 00:00:00+01:00,3689.615234375
2023-08-14 00:00:00+01:00,3703.365478515625
2023-08-15 00:00:00+01:00,3675.9228515625
2023-08-16 00:00:00+01:00,3689.577880859375
2023-08-17 00:00:00+01:00,3688.573486328125
2023-08-18 00:00:00+01:00,3688.573486328125
2023-08-21 00:00:00+01:00,3683.6064453125
2023-08-22 00:00:00+01:00,3686.094970703125
2023-08-23 00:00:00+01:00,3683.275146484375
2023-08-24 00:00:00+01:00,3671.1337890625
2023-08-25 00:00:00+01:00,3668.2880859375
2023-08-28 00:00:00+01:00,3655.814453125
2023-08-29 00:00:00+01:00,3663.9794921875
2023-08-30 00:00:00+01:00,3679.32421875
2023-08-31 00:00:00+01:00,3683.010986328125
2023-09-01 00:00:00+01:00,3677.23486328125
2023-09-04 00:00:00+01:00,3694.373779296875
2023-09-05 00:00:00+01:00,3680.481689453125
2023-09-06 00:00:00+01:00,3693.96337890625
2023-09-07 00:00:00+01:00,3684.9892578125
2023-09-08 00:00:00+01:00,3697.565185546875
2023-09-11 00:00:00+01:00,3692.537353515625
2023-09-12 00:00:00+01:00,3673.207275390625
2023-09-13 00:00:00+01:00,3681.353759765625
2023-09-14 00:00:00+01:00,3681.6044921875
2023-09-15 00:00:00+01:00,3682.918701171875
2023-09-18 00:00:00+01:00,3682.01611328125
2023-09-19 00:00:00+01:00,3702.193603515625
2023-09-20 00:00:00+01:00,3696.3134765625
2023-09-21 00:00:00+01:00,3704.34423828125
2023-09-22 00:00:00+01:00,3714.838623046875
2023-09-25 00:00:00+01:00,3699.8173828125
2023-09-26 00:00:00+01:00,3721.087646484375
2023-09-27 00:00:00+01:00,3726.7724609375
2023-09-28 00:00:00+01:00,3716.156982421875
2023-09-29 00:00:00+01:00,3713.28125
2023-10-02 00:00:00+01:00,3726.444091796875
2023-10-03 00:00:00+01:00,3714.638427734375
2023-10-04 00:00:00+01:00,3698.69873046875
2023-10-05 00:00:00+01:00,3693.100830078125
2023-10-06 00:00:00+01:00,3691.590087890625
2023-10-09 00:00:00+01:00,3685.923095703125
2023-10-10 00:00:00+01:00,3701.611083984375
2023-10-11 00:00:00+01:00,3706.554931640625
2023-10-12 00:00:00+01:00,3711.128173828125
2023-10-13 00:00:00+01:00,3712.388671875
2023-10-16 00:00:00+01:00,3708.565185546875
2023-10-17 00:00:00+01:00,3708.628173828125
2023-10-18 00:00:00+01:00,3702.10888671875
2023-10-19 00:00:00+01:00,3719.405517578125
2023-10-20 00:00:00+01:00,3714.8798828125
2023-10-23 00:00:00+01:00,3704.087890625
2023-10-24 00:00:00+01:00,3709.272216796875
2023-10-25 00:00:00+01:00,3713.0634765625
2023-10-26 00:00:00+01:00,3720.76318359375
2023-10-27 00:00:00+01:00,3722.492919921875
2023-10-30 00:00:00+00:00,3722.293212890625
2023-10-31 00:00:00+00:00,3726.4619140625
2023-11-01 00:00:00+00:00,3741.772705078125
2023-11-02 00:00:00+00:00,3741.064453125
2023-11-03 00:00:00+00:00,3736.369873046875
2023-11-06 00:00:00+00:00,3709.36181640625
2023-11-07 00:00:00+00:00,3721.947021484375
2023-11-08 00:00:00+00:00,3715.439697265625
2023-11-09 00:00:00+00:00,3725.2412109375
2023-11-10 00:00:00+00:00,3718.7763671875
2023-11-13 00:00:00+00:00,3714.24560546875
2023-11-14 00:00:00+00:00,3733.67041015625
2023-11-15 00:00:00+00:00,3729.001708984375
2023-11-16 00:00:00+00:00,3746.3564453125
2023-11-17 00:00:00+00:00,3740.7392578125
2023-11-20 00:00:00+00:00,3719.950439453125
2023-11-21 00:00:00+00:00,3735.93994140625
2023-11-22 00:00:00+00:00,3744.278076171875
2023-11-23 00:00:00+00:00,3743.227294921875
2023-11-24 00:00:00+00:00,3757.861328125
2023-11-27 00:00:00+00:00,3742.294921875
2023-11-28 00:00:00+00:00,3757.150146484375
2023-11-29 00:00:00+00:00,3760.8427734375
2023-11-30 00:00:00+00:00,3773.224365234375
2023-12-01 00:00:00+00:00,3776.523681640625
2023-12-04 00:00:00+00:00,3763.951904296875
2023-12-05 00:00:00+00:00,3755.764892578125
2023-12-06 00:00:00+00:00,3753.408203125
2023-12-07 00:00:00+00:00,3734.830810546875
2023-12-08 00:00:00+00:00,3735.08740234375
2023-12-11 00:00:00+00:00,3734.410888671875
2023-12-12 00:00:00+00:00,3764.430419921875
2023-12-13 00:00:00+00:00,3761.54345703125
2023-12-14 00:00:00+00:00,3748.666748046875
2023-12-15 00:00:00+00:00,3737.20654296875
2023-12-18 00:00:00+00:00,3749.026123046875
2023-12-19 00:00:00+00:00,3730.191162109375
2023-12-20 00:00:00+00:00,3723.632568359375
2023-12-21 00:00:00+00:00,3718.365966796875
2023-12-22 00:00:00+00:00,3717.6650390625
2023-12-25 00:00:00+00:00,3726.268310546875
2023-12-26 00:00:00+00:00,3726.268310546875
2023-12-27 00:00:00+00:00,3728.7734375
2023-12-28 00:00:00+00:00,3718.890625
2023-12-29 00:00:00+00:00,3748.36181640625
2024-01-01 00:00:00+00:00,3746.551513671875
2024-01-02 00:00:00+00:00,3749.943359375
2024-01-03 00:00:00+00:00,3748.0166015625
2024-01-04 00:00:00+00:00,3767.76708984375
2024-01-05 00:00:00+00:00,3771.086181640625
2024-01-08 00:00:00+00:00,3739.607177734375
2024-01-09 00:00:00+00:00,3766.550537109375
2024-01-10 00:00:00+00:00,3757.45263671875
2024-01-11 00:00:00+00:00,3758.176025390625
2024-01-12 00:00:00+00:00,3758.819580078125
2024-01-15 00:00:00+00:00,3753.5908203125
2024-01-16 00:00:00+00:00,3766.679443359375
2024-01-17 00:00:00+00:00,3777.696044921875
2024-01-18 00:00:00+00:00,3774.209228515625
2024-01-19 00:00:00+00:00,3761.663330078125
2024-01-22 00:00:00+00:00,3761.082275390625
2024-01-23 00:00:00+00:00,3770.224609375
2024-01-24 00:00:00+00:00,3774.1923828125
2024-01-25 00:00:00+00:00,3773.463623046875
2024-01-26 00:00:00+00:00,3773.255615234375
2024-01-29 00:00:00+00:00,3774.678955078125
2024-01-30 00:00:00+00:00,3771.511474609375
2024-01-31 00:00:00+00:00,3772.9931640625
2024-02-01 00:00:00+00:00,3766.65185546875
2024-02-02 00:00:00+00:00,3776.429443359375
2024-02-05 00:00:00+00:00,3810.9013671875
2024-02-06 00:00:00+00:00,3785.80908203125
2024-02-07 00:00:00+00:00,3784.23974609375
2024-02-08 00:00:00+00:00,3782.9580078125
2024-02-09 00:00:00+00:00,3797.47412109375
2024-02-12 00:00:00+00:00,3812.08544921875
2024-02-13 00:00:00+00:00,3818.604736328125
2024-02-14 00:00:00+00:00,3823.653564453125
2024-02-15 00:00:00+00:00,3828.08642578125
2024-02-16 00:00:00+00:00,3825.884521484375
2024-02-19 00:00:00+00:00,3832.0576171875
2024-02-20 00:00:00+00:00,3835.21728515625
2024-02-21 00:00:00+00:00,3841.630126953125
2024-02-22 00:00:00+00:00,3851.05078125
2024-02-23 00:00:00+00:00,3852.231201171875
2024-02-26 00:00:00+00:00,3889.63232421875
2024-02-27 00:00:00+00:00,3909.139892578125
2024-02-28 00:00:00+00:00,3889.305908203125
2024-02-29 00:00:00+00:00,3889.837158203125
2024-03-01 00:00:00+00:00,3887.49365234375
2024-03-04 00:00:00+00:00,3859.22900390625
2024-03-05 00:00:00+00:00,3880.229736328125
2024-03-06 00:00:00+00:00,3874.71484375
2024-03-07 00:00:00+00:00,3873.470947265625
2024-03-08 00:00:00+00:00,3846.55810546875
2024-03-11 00:00:00+00:00,3860.03369140625
2024-03-12 00:00:00+00:00,3864.5400390625
2024-03-13 00:00:00+00:00,3847.736328125
2024-03-14 00:00:00+00:00,3853.1826171875
2024-03-15 00:00:00+00:00,3845.11669921875
2024-03-18 00:00:00+00:00,3842.622314453125
2024-03-19 00:00:00+00:00,3854.767822265625
2024-03-20 00:00:00+00:00,3838.868896484375
2024-03-21 00:00:00+00:00,3834.19873046875
2024-03-22 00:00:00+00:00,3843.210205078125
2024-03-25 00:00:00+00:00,3842.790771484375
2024-03-26 00:00:00+00:00,3853.078857421875
2024-03-27 00:00:00+00:00,3839.013916015625
2024-03-28 00:00:00+00:00,3844.30517578125
2024-03-29 00:00:00+00:00,3837.203857421875
2024-04-01 00:00:00+01:00,3841.133056640625
2024-04-02 00:00:00+01:00,3844.603515625
2024-04-03 00:00:00+01:00,3838.064208984375
2024-04-04 00:00:00+01:00,3825.590087890625
2024-04-05 00:00:00+01:00,3808.62060546875
2024-04-08 00:00:00+01:00,3788.745361328125
2024-04-09 00:00:00+01:00,3765.593994140625
2024-04-10 00:00:00+01:00,3751.748046875
2024-04-11 00:00:00+01:00,3755.583251953125
2024-04-12 00:00:00+01:00,3767.764892578125
2024-04-15 00:00:00+01:00,3749.82421875
2024-04-16 00:00:00+01:00,3759.72998046875
2024-04-17 00:00:00+01:00,3790.7470703125
2024-04-18 00:00:00+01:00,3769.88134765625
2024-04-19 00:00:00+01:00,3766.446533203125
2024-04-22 00:00:00+01:00,3759.898681640625
2024-04-23 00:00:00+01:00,3775.80126953125
2024-04-24 00:00:00+01:00,3769.287109375
2024-04-25 00:00:00+01:00,3771.1484375
2024-04-26 00:00:00+01:00,3768.21875
2024-04-29 00:00:00+01:00,3781.712890625
2024-04-30 00:00:00+01:00,3772.56396484375
2024-05-01 00:00:00+01:00,3771.98388671875
2024-05-02 00:00:00+01:00,3766.61767578125
2024-05-03 00:00:00+01:00,3758.614990234375
2024-05-06 00:00:00+01:00,3735.191650390625
2024-05-07 00:00:00+01:00,3728.305419921875
2024-05-08 00:00:00+01:00,3723.344970703125
2024-05-09 00:00:00+01:00,3738.822265625
2024-05-10 00:00:00+01:00,3739.075439453125
2024-05-13 00:00:00+01:00,3740.981689453125
2024-05-14 00:00:00+01:00,3725.682861328125
2024-05-15 00:00:00+01:00,3711.027099609375
2024-05-16 00:00:00+01:00,3722.519775390625
2024-05-17 00:00:00+01:00,3718.7099609375
2024-05-20 00:00:00+01:00,3708.87060546875
2024-05-21 00:00:00+01:00,3757.9306640625
2024-05-22 00:00:00+01:00,3764.48486328125
2024-05-23 00:00:00+01:00,3772.278564453125
2024-05-24 00:00:00+01:00,3783.34521484375
2024-05-27 00:00:00+01:00,3759.156005859375
2024-05-28 00:00:00+01:00,3753.38330078125
2024-05-29 00:00:00+01:00,3776.191650390625
2024-05-30 00:00:00+01:00,3774.594970703125
2024-05-31 00:00:00+01:00,3778.241943359375
2024-06-03 00:00:00+01:00,3764.21826171875
2024-06-04 00:00:00+01:00,3772.593017578125
2024-06-05 00:00:00+01:00,3766.11962890625
2024-06-06 00:00:00+01:00,3770.423828125
2024-06-07 00:00:00+01:00,3746.61474609375
2024-06-10 00:00:00+01:00,3773.51513671875
2024-06-11 00:00:00+01:00,3730.26318359375
2024-06-12 00:00:00+01:00,3727.721435546875
2024-06-13 00:00:00+01:00,3713.083984375
2024-06-14 00:00:00+01:00,3696.310302734375
2024-06-17 00:00:00+01:00,3669.510498046875
2024-06-18 00:00:00+01:00,3662.16259765625
2024-06-19 00:00:00+01:00,3676.52197265625
2024-06-20 00:00:00+01:00,3694.22607421875
2024-06-21 00:00:00+01:00,3702.564697265625
2024-06-24 00:00:00+01:00,3699.724365234375
2024-06-25 00:00:00+01:00,3698.215087890625
2024-06-26 00:00:00+01:00,3664.35009765625
2024-06-27 00:00:00+01:00,3673.4521484375
2024-06-28 00:00:00+01:00,3669.484619140625
2024-07-01 00:00:00+01:00,3664.35009765625
2024-07-02 00:00:00+01:00,3673.156005859375
2024-07-03 00:00:00+01:00,3657.484130859375
2024-07-04 00:00:00+01:00,3650.1845703125
2024-07-05 00:00:00+01:00,3658.9091796875
2024-07-08 00:00:00+01:00,3660.656494140625
2024-07-09 00:00:00+01:00,3669.699462890625
2024-07-10 00:00:00+01:00,3666.33984375
2024-07-11 00:00:00+01:00,3662.58740234375
2024-07-12 00:00:00+01:00,3657.778076171875
2024-07-15 00:00:00+01:00,3647.8505859375
2024-07-16 00:00:00+01:00,3658.37451171875
2024-07-17 00:00:00+01:00,3653.797607421875
2024-07-18 00:00:00+01:00,3656.796875
2024-07-19 00:00:00+01:00,3649.304443359375
2024-07-22 00:00:00+01:00,3653.450439453125
2024-07-23 00:00:00+01:00,3655.203857421875
2024-07-24 00:00:00+01:00,3653.363037109375
2024-07-25 00:00:00+01:00,3678.932861328125
2024-07-26 00:00:00+01:00,3695.9716796875
2024-07-29 00:00:00+01:00,3688.724609375
2024-07-30 00:00:00+01:00,3684.181396484375
2024-07-31 00:00:00+01:00,3680.7890625
2024-08-01 00:00:00+01:00,3678.190673828125
2024-08-02 00:00:00+01:00,3690.030029296875
2024-08-05 00:00:00+01:00,3650.597412109375
2024-08-06 00:00:00+01:00,3687.102783203125
2024-08-07 00:00:00+01:00,3684.497802734375
2024-08-08 00:00:00+01:00,3683.234619140625
2024-08-09 00:00:00+01:00,3688.297607421875
2024-08-12 00:00:00+01:00,3684.921875
2024-08-13 00:00:00+01:00,3690.124755859375
2024-08-14 00:00:00+01:00,3687.466796875
2024-08-15 00:00:00+01:00,3684.265380859375
2024-08-16 00:00:00+01:00,3695.6025390625
2024-08-19 00:00:00+01:00,3668.161865234375
2024-08-20 00:00:00+01:00,3682.326904296875
2024-08-21 00:00:00+01:00,3673.250732421875
2024-08-22 00:00:00+01:00,3681.930908203125
2024-08-23 00:00:00+01:00,3677.797607421875
2024-08-26 00:00:00+01:00,3645.44775390625
2024-08-27 00:00:00+01:00,3672.1064453125
2024-08-28 00:00:00+01:00,3671.0390625
2024-08-29 00:00:00+01:00,3680.8271484375
2024-08-30 00:00:00+01:00,3685.178466796875
2024-09-02 00:00:00+01:00,3681.47509765625
2024-09-03 00:00:00+01:00,3681.297607421875
2024-09-04 00:00:00+01:00,3687.245361328125
2024-09-05 00:00:00+01:00,3674.874755859375
2024-09-06 00:00:00+01:00,3672.622802734375
2024-09-09 00:00:00+01:00,3678.399169921875
2024-09-10 00:00:00+01:00,3675.078125
2024-09-11 00:00:00+01:00,3676.05078125
2024-09-12 00:00:00+01:00,3677.90087890625
2024-09-13 00:00:00+01:00,3680.7421875
2024-09-16 00:00:00+01:00,3679.458251953125
2024-09-17 00:00:00+01:00,3676.48388671875
2024-09-18 00:00:00+01:00,3680.363525390625
2024-09-19 00:00:00+01:00,3680.36962890625
2024-09-20 00:00:00+01:00,3678.451416015625
2024-09-23 00:00:00+01:00,3658.5693359375
2024-09-24 00:00:00+01:00,3656.0966796875
2024-09-25 00:00:00+01:00,3660.38916015625
2024-09-26 00:00:00+01:00,3652.666015625
2024-09-27 00:00:00+01:00,3652.9599609375
2024-09-30 00:00:00+01:00,3653.49560546875
2024-10-01 00:00:00+01:00,3648.888427734375
2024-10-02 00:00:00+01:00,3624.82763671875
2024-10-03 00:00:00+01:00,3630.993408203125
2024-10-04 00:00:00+01:00,3625.257080078125
2024-10-07 00:00:00+01:00,3641.24755859375
2024-10-08 00:00:00+01:00,3632.419189453125
2024-10-09 00:00:00+01:00,3634.93994140625
2024-10-10 00:00:00+01:00,3634.423583984375
2024-10-11 00:00:00+01:00,3635.11669921875
2024-10-14 00:00:00+01:00,3629.389404296875
2024-10-15 00:00:00+01:00,3624.459228515625
2024-10-16 00:00:00+01:00,3629.324462890625
2024-10-17 00:00:00+01:00,3628.31787109375
2024-10-18 00:00:00+01:00,3631.260498046875
2024-10-21 00:00:00+01:00,3616.052978515625
2024-10-22 00:00:00+01:00,3623.659423828125
2024-10-23 00:00:00+01:00,3624.1220703125
2024-10-24 00:00:00+01:00,3622.482666015625
2024-10-25 00:00:00+01:00,3625.654541015625
2024-10-28 00:00:00+00:00,3633.788330078125
2024-10-29 00:00:00+00:00,3621.063232421875
2024-10-30 00:00:00+00:00,3623.919921875
2024-10-31 00:00:00+00:00,3626.377685546875
2024-11-01 00:00:00+00:00,3617.587646484375
2024-11-04 00:00:00+00:00,3615.310302734375
2024-11-05 00:00:00+00:00,3620.743408203125
2024-11-06 00:00:00+00:00,3631.274658203125
2024-11-07 00:00:00+00:00,3637.8916015625
2024-11-08 00:00:00+00:00,3627.64599609375
2024-11-11 00:00:00+00:00,3638.7373046875
2024-11-12 00:00:00+00:00,3621.6455078125
2024-11-13 00:00:00+00:00,3634.290771484375
2024-11-14 00:00:00+00:00,3630.189208984375
2024-11-15 00:00:00+00:00,3626.711669921875
2024-11-18 00:00:00+00:00,3638.518798828125
2024-11-19 00:00:00+00:00,3612.671630859375
2024-11-20 00:00:00+00:00,3639.7724609375
2024-11-21 00:00:00+00:00,3648.009765625
2024-11-22 00:00:00+00:00,3651.761474609375
2024-11-25 00:00:00+00:00,3650.846923828125
2024-11-26 00:00:00+00:00,3663.03515625
2024-11-27 00:00:00+00:00,3651.400390625
2024-11-28 00:00:00+00:00,3649.270751953125
2024-11-29 00:00:00+00:00,3646.857666015625
2024-12-02 00:00:00+00:00,3640.91650390625
2024-12-03 00:00:00+00:00,3645.62060546875
2024-12-04 00:00:00+00:00,3639.216552734375
2024-12-05 00:00:00+00:00,3639.775634765625
2024-12-06 00:00:00+00:00,3628.95556640625
2024-12-09 00:00:00+00:00,3627.251708984375
2024-12-10 00:00:00+00:00,3625.38916015625
2024-12-11 00:00:00+00:00,3620.79931640625
2024-12-12 00:00:00+00:00,3611.845458984375
2024-12-13 00:00:00+00:00,3616.71923828125
2024-12-16 00:00:00+00:00,3597.430419921875
2024-12-17 00:00:00+00:00,3604.667724609375
2024-12-18 00:00:00+00:00,3597.112060546875
2024-12-19 00:00:00+00:00,3597.3896484375
2024-12-20 00:00:00+00:00,3605.214599609375
2024-12-23 00:00:00+00:00,3610.4853515625
2024-12-24 00:00:00+00:00,3636.11865234375
2024-12-25 00:00:00+00:00,3614.98486328125
2024-12-26 00:00:00+00:00,3614.98486328125
2024-12-27 00:00:00+00:00,3611.391357421875
2024-12-30 00:00:00+00:00,3629.214111328125
2024-12-31 00:00:00+00:00,3628.015869140625
2025-01-02 00:00:00+00:00,3628.015869140625
2025-01-03 00:00:00+00:00,3634.586181640625
2025-01-06 00:00:00+00:00,3624.993896484375
2025-01-07 00:00:00+00:00,3651.363037109375
2025-01-08 00:00:00+00:00,3651.6826171875
2025-01-09 00:00:00+00:00,3664.061279296875
2025-01-10 00:00:00+00:00,3654.5947265625
2025-01-13 00:00:00+00:00,3669.867919921875
2025-01-14 00:00:00+00:00,3655.84423828125
2025-01-15 00:00:00+00:00,3656.36962890625
2025-01-16 00:00:00+00:00,3649.564208984375
2025-01-17 00:00:00+00:00,3645.610595703125
2025-01-20 00:00:00+00:00,3640.7744140625
2025-01-21 00:00:00+00:00,3631.62451171875
2025-01-22 00:00:00+00:00,3631.744873046875
2025-01-23 00:00:00+00:00,3637.58251953125
2025-01-24 00:00:00+00:00,3644.145263671875
2025-01-27 00:00:00+00:00,3639.046142578125
2025-01-28 00:00:00+00:00,3647.052001953125
2025-01-29 00:00:00+00:00,3650.626708984375
2025-01-30 00:00:00+00:00,3648.95751953125
2025-01-31 00:00:00+00:00,3639.248779296875
2025-02-03 00:00:00+00:00,3695.545654296875
2025-02-04 00:00:00+00:00,3632.658935546875
2025-02-05 00:00:00+00:00,3636.45166015625
2025-02-06 00:00:00+00:00,3638.44189453125
2025-02-07 00:00:00+00:00,3632.2919921875
2025-02-10 00:00:00+00:00,3645.687255859375
2025-02-11 00:00:00+00:00,3634.6181640625
2025-02-12 00:00:00+00:00,3630.182373046875
2025-02-13 00:00:00+00:00,3636.1884765625
2025-02-14 00:00:00+00:00,3642.245361328125
2025-02-17 00:00:00+00:00,3626.232421875
2025-02-18 00:00:00+00:00,3636.9013671875
2025-02-19 00:00:00+00:00,3645.23291015625
2025-02-20 00:00:00+00:00,3632.0576171875
2025-02-21 00:00:00+00:00,3628.893310546875
2025-02-24 00:00:00+00:00,3630.0224609375
2025-02-25 00:00:00+00:00,3631.901123046875
2025-02-26 00:00:00+00:00,3637.07373046875
2025-02-27 00:00:00+00:00,3637.40380859375
2025-02-28 00:00:00+00:00,3636.65869140625
2025-03-03 00:00:00+00:00,3639.866943359375
2025-03-04 00:00:00+00:00,3628.702880859375
2025-03-05 00:00:00+00:00,3632.38037109375
2025-03-06 00:00:00+00:00,3624.208251953125
2025-03-07 00:00:00+00:00,3631.935546875
2025-03-10 00:00:00+00:00,3632.1689453125
2025-03-11 00:00:00+00:00,3629.9599609375
2025-03-12 00:00:00+00:00,3628.361083984375
2025-03-13 00:00:00+00:00,3627.934814453125
2025-03-14 00:00:00+00:00,3621.39306640625
2025-03-17 00:00:00+00:00,3615.47265625
2025-03-18 00:00:00+00:00,3627.97216796875
2025-03-19 00:00:00+00:00,3623.291259765625
2025-03-20 00:00:00+00:00,3623.51708984375
2025-03-21 00:00:00+00:00,3622.67431640625
2025-03-24 00:00:00+00:00,3615.720458984375
2025-03-25 00:00:00+00:00,3626.05029296875
2025-03-26 00:00:00+00:00,3623.847900390625
2025-03-27 00:00:00+00:00,3625.9462890625
2025-03-28 00:00:00+00:00,3620.882080078125
2025-03-31 00:00:00+01:00,3581.171142578125
2025-04-01 00:00:00+01:00,3618.767578125
2025-04-02 00:00:00+01:00,3614.363037109375
2025-04-03 00:00:00+01:00,3604.287841796875
2025-04-04 00:00:00+01:00,3603.122802734375
2025-04-07 00:00:00+01:00,3636.944091796875
2025-04-08 00:00:00+01:00,3677.061279296875
2025-04-09 00:00:00+01:00,3666.54638671875
2025-04-10 00:00:00+01:00,3649.767333984375
2025-04-11 00:00:00+01:00,3646.115478515625
2025-04-14 00:00:00+01:00,3633.63818359375
2025-04-15 00:00:00+01:00,3627.5185546875
2025-04-16 00:00:00+01:00,3629.67431640625
2025-04-17 00:00:00+01:00,3625.30859375
2025-04-22 00:00:00+01:00,3623.96630859375
2025-04-23 00:00:00+01:00,3620.807373046875
2025-04-24 00:00:00+01:00,3626.063720703125
2025-04-25 00:00:00+01:00,3624.1015625
2025-04-28 00:00:00+01:00,3625.9736328125
2025-04-29 00:00:00+01:00,3628.977294921875
2025-04-30 00:00:00+01:00,3624.222900390625
2025-05-01 00:00:00+01:00,3622.60498046875
2025-05-02 00:00:00+01:00,3634.4697265625
2025-05-05 00:00:00+01:00,3632.181884765625
2025-05-06 00:00:00+01:00,3614.107666015625
2025-05-07 00:00:00+01:00,3617.489013671875
2025-05-08 00:00:00+01:00,3619.407958984375
2025-05-09 00:00:00+01:00,3618.92041015625
2025-05-12 00:00:00+01:00,3617.2197265625
2025-05-13 00:00:00+01:00,3612.140869140625
2025-05-14 00:00:00+01:00,3617.67333984375
2025-05-15 00:00:00+01:00,3617.6748046875
2025-05-16 00:00:00+01:00,3612.288818359375
2025-05-19 00:00:00+01:00,3623.457275390625
2025-05-20 00:00:00+01:00,3617.91943359375
2025-05-21 00:00:00+01:00,3611.6357421875
2025-05-22 00:00:00+01:00,3611.56298828125
2025-05-23 00:00:00+01:00,3607.25341796875
2025-05-26 00:00:00+01:00,3604.697265625
2025-05-27 00:00:00+01:00,3609.70556640625
2025-05-28 00:00:00+01:00,3608.622314453125
2025-05-29 00:00:00+01:00,3604.280029296875
2025-05-30 00:00:00+01:00,3596.911865234375
2025-06-02 00:00:00+01:00,3587.6455078125
2025-06-03 00:00:00+01:00,3599.64453125
2025-06-04 00:00:00+01:00,3604.141357421875
2025-06-05 00:00:00+01:00,3600.486572265625
2025-06-06 00:00:00+01:00,3590.17236328125
2025-06-09 00:00:00+01:00,3586.6181640625
2025-06-10 00:00:00+01:00,3580.73291015625
2025-06-11 00:00:00+01:00,3567.007080078125
2025-06-12 00:00:00+01:00,3548.00341796875
2025-06-13 00:00:00+01:00,3546.218505859375
2025-06-16 00:00:00+01:00,3548.95947265625
2025-06-17 00:00:00+01:00,3564.505126953125
2025-06-18 00:00:00+01:00,3554.8720703125
2025-06-19 00:00:00+01:00,3560.513427734375
2025-06-20 00:00:00+01:00,3562.456298828125
2025-06-23 00:00:00+01:00,3564.51953125
2025-06-24 00:00:00+01:00,3566.338134765625
2025-06-25 00:00:00+01:00,3557.39404296875
2025-06-26 00:00:00+01:00,3552.645751953125
2025-06-27 00:00:00+01:00,3549.2216796875
2025-06-30 00:00:00+01:00,3553.849365234375
2025-07-01 00:00:00+01:00,3556.730712890625
2025-07-02 00:00:00+01:00,3557.230224609375
2025-07-03 00:00:00+01:00,3539.133056640625
2025-07-04 00:00:00+01:00,3549.77392578125
2025-07-07 00:00:00+01:00,3548.8388671875
2025-07-08 00:00:00+01:00,3549.392578125
2025-07-09 00:00:00+01:00,3554.21875
2025-07-10 00:00:00+01:00,3551.19580078125
2025-07-11 00:00:00+01:00,3547.493896484375
2025-07-14 00:00:00+01:00,3544.953125
2025-07-15 00:00:00+01:00,3545.180419921875
2025-07-16 00:00:00+01:00,3548.349853515625
2025-07-17 00:00:00+01:00,3545.446044921875
2025-07-18 00:00:00+01:00,3539.197509765625
2025-07-21 00:00:00+01:00,3547.8740234375
2025-07-22 00:00:00+01:00,3540.339111328125
2025-07-23 00:00:00+01:00,3549.94189453125
2025-07-24 00:00:00+01:00,3551.920654296875
2025-07-25 00:00:00+01:00,3550.34619140625
2025-07-28 00:00:00+01:00,3540.87744140625
2025-07-29 00:00:00+01:00,3547.87353515625
2025-07-30 00:00:00+01:00,3549.052490234375
2025-07-31 00:00:00+01:00,3547.525634765625
2025-08-01 00:00:00+01:00,3543.983154296875
2025-08-04 00:00:00+01:00,3490.789794921875
2025-08-05 00:00:00+01:00,3536.56103515625
2025-08-06 00:00:00+01:00,3541.456298828125
2025-08-07 00:00:00+01:00,3531.23095703125
2025-08-08 00:00:00+01:00,3535.5029296875
2025-08-11 00:00:00+01:00,3525.170654296875
2025-08-12 00:00:00+01:00,3525.89013671875
2025-08-13 00:00:00+01:00,3521.557373046875
2025-08-14 00:00:00+01:00,3521.866455078125
2025-08-15 00:00:00+01:00,3520.58154296875
2025-08-18 00:00:00+01:00,3516.042236328125
2025-08-19 00:00:00+01:00,3518.20068359375
2025-08-20 00:00:00+01:00,3527.0712890625
2025-08-21 00:00:00+01:00,3521.724609375
2025-08-22 00:00:00+01:00,3524.954833984375
2025-08-25 00:00:00+01:00,3485.863037109375
2025-08-26 00:00:00+01:00,3522.09326171875
2025-08-27 00:00:00+01:00,3521.764404296875
2025-08-28 00:00:00+01:00,3523.08447265625
2025-08-29 00:00:00+01:00,3513.535400390625
2025-09-01 00:00:00+01:00,3504.598876953125
2025-09-02 00:00:00+01:00,3506.07861328125
2025-09-03 00:00:00+01:00,3501.910400390625
2025-09-04 00:00:00+01:00,3494.278564453125
2025-09-05 00:00:00+01:00,3481.232666015625
2025-09-08 00:00:00+01:00,3470.24951171875
2025-09-09 00:00:00+01:00,3469.617431640625
2025-09-10 00:00:00+01:00,3464.617919921875
2025-09-11 00:00:00+01:00,3471.14208984375
2025-09-12 00:00:00+01:00,3470.359375
2025-09-15 00:00:00+01:00,3477.556640625
2025-09-16 00:00:00+01:00,3465.184326171875
2025-09-17 00:00:00+01:00,3466.141357421875
2025-09-18 00:00:00+01:00,3461.587158203125
2025-09-19 00:00:00+01:00,3465.45751953125
2025-09-22 00:00:00+01:00,3468.26708984375
2025-09-23 00:00:00+01:00,3461.946533203125
2025-09-24 00:00:00+01:00,3465.01708984375
2025-09-25 00:00:00+01:00,3459.50927734375
2025-09-26 00:00:00+01:00,3465.38232421875
2025-09-29 00:00:00+01:00,3443.974609375
2025-09-30 00:00:00+01:00,3452.838134765625
2025-10-01 00:00:00+01:00,3453.989990234375
2025-10-02 00:00:00+01:00,3434.317626953125
2025-10-03 00:00:00+01:00,3426.73828125
2025-10-06 00:00:00+01:00,3425.74853515625
2025-10-07 00:00:00+01:00,3411.910400390625
2025-10-08 00:00:00+01:00,3405.065673828125
2025-10-09 00:00:00+01:00,3397.116943359375
2025-10-10 00:00:00+01:00,3414.720703125
2025-10-13 00:00:00+01:00,3378.267822265625
2025-10-14 00:00:00+01:00,3393.271240234375
2025-10-15 00:00:00+01:00,3426.276123046875
2025-10-16 00:00:00+01:00,3412.203369140625
2025-10-17 00:00:00+01:00,3431.151611328125
2025-10-20 00:00:00+01:00,3465.798828125
2025-10-21 00:00:00+01:00,3436.89794921875
2025-10-22 00:00:00+01:00,3434.451171875
2025-10-23 00:00:00+01:00,3440.34912109375
2025-10-24 00:00:00+01:00,3445.349609375
2025-10-27 00:00:00+00:00,3436.118896484375
2025-10-28 00:00:00+00:00,3440.498046875
2025-10-29 00:00:00+00:00,3440.8916015625
2025-10-30 00:00:00+00:00,3427.849853515625
2025-10-31 00:00:00+00:00,3442.073486328125
2025-11-03 00:00:00+00:00,3434.630859375
2025-11-04 00:00:00+00:00,3440.072265625
2025-11-05 00:00:00+00:00,3446.009765625
2025-11-06 00:00:00+00:00,3452.07177734375
2025-11-07 00:00:00+00:00,3452.046142578125
2025-11-10 00:00:00+00:00,3455.7236328125
2025-11-11 00:00:00+00:00,3472.603759765625
2025-11-12 00:00:00+00:00,3520.03173828125
2025-11-13 00:00:00+00:00,3586.375
2025-11-14 00:00:00+00:00,3619.328857421875
2025-11-17 00:00:00+00:00,3529.310546875
2025-11-18 00:00:00+00:00,3533.97998046875
2025-11-19 00:00:00+00:00,3555.494140625
2025-11-20 00:00:00+00:00,3616.589599609375
2025-11-21 00:00:00+00:00,3601.61572265625
2025-11-24 00:00:00+00:00,3592.705078125
2025-11-25 00:00:00+00:00,3587.241943359375
2025-11-26 00:00:00+00:00,3571.7373046875
2025-11-27 00:00:00+00:00,3586.936279296875
2025-11-28 00:00:00+00:00,3585.79150390625
2025-12-01 00:00:00+00:00,3585.80859375
2025-12-02 00:00:00+00:00,3559.884521484375
2025-12-03 00:00:00+00:00,3537.124267578125
2025-12-04 00:00:00+00:00,3506.2451171875
2025-12-05 00:00:00+00:00,3507.554931640625
2025-12-08 00:00:00+00:00,3498.379638671875
2025-12-09 00:00:00+00:00,3499.64599609375
2025-12-10 00:00:00+00:00,3506.465087890625
2025-12-11 00:00:00+00:00,3514.218505859375
2025-12-12 00:00:00+00:00,3516.55859375
2025-12-15 00:00:00+00:00,3510.280517578125
2025-12-16 00:00:00+00:00,3522.684814453125
2025-12-17 00:00:00+00:00,3521.581787109375
2025-12-18 00:00:00+00:00,3523.95458984375
2025-12-19 00:00:00+00:00,3535.985107421875
2025-12-22 00:00:00+00:00,3538.70458984375
2025-12-23 00:00:00+00:00,3564.261962890625
2025-12-24 00:00:00+00:00,3573.834716796875
2025-12-26 00:00:00+00:00,3573.834716796875
2025-12-29 00:00:00+00:00,3572.110107421875
2025-12-30 00:00:00+00:00,3580.721435546875
2025-12-31 00:00:00+00:00,3582.904052734375
2026-01-02 00:00:00+00:00,3584.754638671875
2026-01-05 00:00:00+00:00,3587.88037109375
2026-01-06 00:00:00+00:00,3583.3671875
2026-01-07 00:00:00+00:00,3581.995361328125
2026-01-08 00:00:00+00:00,3566.75146484375
2026-01-09 00:00:00+00:00,3559.511474609375
2026-01-12 00:00:00+00:00,3564.645751953125
2026-01-13 00:00:00+00:00,3567.862548828125
2026-01-14 00:00:00+00:00,3527.1025390625
2026-01-15 00:00:00+00:00,3521.032958984375
2026-01-16 00:00:00+00:00,3510.58154296875
2026-01-19 00:00:00+00:00,3520.744384765625
2026-01-20 00:00:00+00:00,3444.837158203125
2026-01-21 00:00:00+00:00,3419.829833984375
2026-01-22 00:00:00+00:00,3419.561767578125
2026-01-23 00:00:00+00:00,3455.640625
2026-01-26 00:00:00+00:00,3469.586181640625
2026-01-27 00:00:00+00:00,3501.4736328125
2026-01-28 00:00:00+00:00,3528.038818359375
2026-01-29 00:00:00+00:00,3540.99072265625
2026-01-30 00:00:00+00:00,3519.167236328125
2026-02-02 00:00:00+00:00,3565.734619140625
2026-02-03 00:00:00+00:00,3537.724853515625
2026-02-04 00:00:00+00:00,3525.092041015625
2026-02-05 00:00:00+00:00,3520.515869140625
2026-02-06 00:00:00+00:00,3532.534912109375
2026-02-09 00:00:00+00:00,3509.662109375
2026-02-10 00:00:00+00:00,3519.4814453125
2026-02-11 00:00:00+00:00,3515.72509765625
2026-02-12 00:00:00+00:00,3498.2802734375
2026-02-13 00:00:00+00:00,3502.939453125
2026-02-16 00:00:00+00:00,3498.294189453125
2026-02-17 00:00:00+00:00,3502.9873046875
2026-02-18 00:00:00+00:00,3491.13916015625
2026-02-19 00:00:00+00:00,3500.3251953125
2026-02-20 00:00:00+00:00,3548.376220703125
2026-02-23 00:00:00+00:00,3553.65234375
2026-02-24 00:00:00+00:00,3552.628173828125
2026-02-25 00:00:00+00:00,3546.828125
2026-02-26 00:00:00+00:00,3551.227783203125
2026-02-27 00:00:00+00:00,3560.980224609375
2026-03-02 00:00:00+00:00,3561.064453125
2026-03-03 00:00:00+00:00,3595.455810546875
2026-03-04 00:00:00+00:00,3679.585693359375
2026-03-05 00:00:00+00:00,3652.991455078125
2026-03-06 00:00:00+00:00,3640.935546875
2026-03-09 00:00:00+00:00,3631.984130859375
2026-03-10 00:00:00+00:00,3726.36962890625
2026-03-11 00:00:00+00:00,3669.25927734375
2026-03-12 00:00:00+00:00,3655.255615234375
2026-03-13 00:00:00+00:00,3717.597900390625
2026-03-16 00:00:00+00:00,3720.3017578125
2026-03-17 00:00:00+00:00,3735.444580078125
2026-03-18 00:00:00+00:00,3732.451171875
2026-03-19 00:00:00+00:00,3728.6474609375
2026-03-20 00:00:00+00:00,3742.145751953125
2026-03-23 00:00:00+00:00,3734.633056640625
2026-03-24 00:00:00+00:00,3730.6630859375
2026-03-25 00:00:00+00:00,3698.9033203125
2026-03-26 00:00:00+00:00,3663.388916015625
2026-03-27 00:00:00+00:00,3676.929443359375
2026-03-30 00:00:00+01:00,3674.15869140625
2026-03-31 00:00:00+01:00,3730.431640625
2026-04-01 00:00:00+01:00,3723.63623046875
2026-04-02 00:00:00+01:00,3685.52392578125
2026-04-03 00:00:00+01:00,3713.131591796875
2026-04-06 00:00:00+01:00,3713.131591796875
2026-04-07 00:00:00+01:00,3704.2333984375
2026-04-08 00:00:00+01:00,3717.105224609375
2026-04-09 00:00:00+01:00,3658.7294921875
2026-04-10 00:00:00+01:00,3641.995849609375
2026-04-13 00:00:00+01:00,3656.280517578125
2026-04-14 00:00:00+01:00,3693.104248046875
2026-04-15 00:00:00+01:00,3671.1708984375
2026-04-16 00:00:00+01:00,3656.988525390625
2026-04-17 00:00:00+01:00,3656.890625
2026-04-20 00:00:00+01:00,3680.55859375
2026-04-21 00:00:00+01:00,3666.031005859375
2026-04-22 00:00:00+01:00,3665.90283203125
2026-04-23 00:00:00+01:00,3668.57666015625
2026-04-24 00:00:00+01:00,3682.00048828125
2026-04-27 00:00:00+01:00,3675.837158203125
2026-04-28 00:00:00+01:00,3689.643310546875
2026-04-29 00:00:00+01:00,3680.792724609375
2026-04-30 00:00:00+01:00,3687.978515625
2026-05-01 00:00:00+01:00,3687.978515625
2026-05-04 00:00:00+01:00,3722.56640625
2026-05-05 00:00:00+01:00,3715.1279296875
2026-05-06 00:00:00+01:00,3735.77587890625
2026-05-07 00:00:00+01:00,3723.1875
2026-05-08 00:00:00+01:00,3708.149169921875
2026-05-11 00:00:00+01:00,3698.8681640625
2026-05-12 00:00:00+01:00,3722.02099609375
2026-05-13 00:00:00+01:00,3720.8193359375
2026-05-14 00:00:00+01:00,3711.27685546875
2026-05-15 00:00:00+01:00,3702.09033203125
2026-05-18 00:00:00+01:00,3723.390625
2026-05-19 00:00:00+01:00,3730.3935546875
2026-05-20 00:00:00+01:00,3732.486572265625
2026-05-21 00:00:00+01:00,3736.94775390625
2026-05-22 00:00:00+01:00,3743.09912109375
2026-05-25 00:00:00+01:00,3734.5361328125
2026-05-26 00:00:00+01:00,3730.868896484375
2026-05-27 00:00:00+01:00,3736.230712890625
2026-05-28 00:00:00+01:00,3733.693115234375
2026-05-29 00:00:00+01:00,3736.94921875
2026-06-01 00:00:00+01:00,3731.26953125
2026-06-02 00:00:00+01:00,3731.977783203125
2026-06-03 00:00:00+01:00,3726.062744140625
2026-06-04 00:00:00+01:00,3725.922119140625
2026-06-05 00:00:00+01:00,3723.84765625
2026-06-08 00:00:00+01:00,3730.310791015625
2026-06-09 00:00:00+01:00,3727.946533203125
2026-06-10 00:00:00+01:00,3732.2109375
2026-06-11 00:00:00+01:00,3727.26220703125
2026-06-12 00:00:00+01:00,3728.79150390625
2026-06-15 00:00:00+01:00,3710.4228515625
2026-06-16 00:00:00+01:00,3676.378662109375
2026-06-17 00:00:00+01:00,3662.792236328125
2026-06-18 00:00:00+01:00,3612.47802734375
2026-06-19 00:00:00+01:00,3611.90771484375
2026-06-22 00:00:00+01:00,3597.2978515625
2026-06-23 00:00:00+01:00,3612.5009765625
2026-06-24 00:00:00+01:00,3627.894775390625
2026-06-25 00:00:00+01:00,3649.67041015625
2026-06-26 00:00:00+01:00,3651.133544921875
2026-06-29 00:00:00+01:00,3634.20947265625
2026-06-30 00:00:00+01:00,3619.620361328125
2026-07-01 00:00:00+01:00,3619.965087890625
2026-07-02 00:00:00+01:00,3626.279052734375
2026-07-03 00:00:00+01:00,3625.083740234375
2026-07-06 00:00:00+01:00,3611.6572265625
2026-07-07 00:00:00+01:00,3606.366943359375
2026-07-08 00:00:00+01:00,3620.3369140625
2026-07-09 00:00:00+01:00,3655.08935546875
2026-07-10 00:00:00+01:00,3645.03564453125
2026-07-13 00:00:00+01:00,3644.004638671875
2026-07-14 00:00:00+01:00,3653.515380859375
2026-07-15 00:00:00+01:00,3666.12548828125
2026-07-16 00:00:00+01:00,3639.297119140625
2026-07-17 00:00:00+01:00,3650.6572265625
2026-07-20 00:00:00+01:00,3651.064208984375
2026-07-21 00:00:00+01:00,3665.47119140625
2026-07-22 00:00:00+01:00,3675.958740234375
2026-07-23 00:00:00+01:00,3700.131591796875
2026-07-24 00:00:00+01:00,3723.427734375
2026-07-27 00:00:00+01:00,3731.271240234375
2026-07-28 00:00:00+01:00,3716.072509765625
2026-07-29 00:00:00+01:00,3735.2578125
2026-07-30 00:00:00+01:00,3694.288330078125
2026-07-31 00:00:00+01:00,3706.657958984375
2026-08-03 00:00:00+01:00,3726.39990234375
